-- MySQL dump 10.13  Distrib 8.0.23, for Win64 (x86_64)
--
-- Host: localhost    Database: usedcars
-- ------------------------------------------------------
-- Server version	8.0.23

/*!40101 SET @OLD_CHARACTER_SET_CLIENT=@@CHARACTER_SET_CLIENT */;
/*!40101 SET @OLD_CHARACTER_SET_RESULTS=@@CHARACTER_SET_RESULTS */;
/*!40101 SET @OLD_COLLATION_CONNECTION=@@COLLATION_CONNECTION */;
/*!50503 SET NAMES utf8 */;
/*!40103 SET @OLD_TIME_ZONE=@@TIME_ZONE */;
/*!40103 SET TIME_ZONE='+00:00' */;
/*!40014 SET @OLD_UNIQUE_CHECKS=@@UNIQUE_CHECKS, UNIQUE_CHECKS=0 */;
/*!40014 SET @OLD_FOREIGN_KEY_CHECKS=@@FOREIGN_KEY_CHECKS, FOREIGN_KEY_CHECKS=0 */;
/*!40101 SET @OLD_SQL_MODE=@@SQL_MODE, SQL_MODE='NO_AUTO_VALUE_ON_ZERO' */;
/*!40111 SET @OLD_SQL_NOTES=@@SQL_NOTES, SQL_NOTES=0 */;

--
-- Table structure for table `cars`
--

DROP TABLE IF EXISTS `cars`;
/*!40101 SET @saved_cs_client     = @@character_set_client */;
/*!50503 SET character_set_client = utf8mb4 */;
CREATE TABLE `cars` (
  `cars` char(13) DEFAULT NULL,
  `car_id` int DEFAULT NULL
) ENGINE=InnoDB DEFAULT CHARSET=utf8mb4 COLLATE=utf8mb4_0900_ai_ci;
/*!40101 SET character_set_client = @saved_cs_client */;

--
-- Dumping data for table `cars`
--

LOCK TABLES `cars` WRITE;
/*!40000 ALTER TABLE `cars` DISABLE KEYS */;
INSERT INTO `cars` VALUES ('Scion xB',1),('Scion tC',2),('Toyota Avalon',3);
/*!40000 ALTER TABLE `cars` ENABLE KEYS */;
UNLOCK TABLES;

--
-- Table structure for table `carsites`
--

DROP TABLE IF EXISTS `carsites`;
/*!40101 SET @saved_cs_client     = @@character_set_client */;
/*!50503 SET character_set_client = utf8mb4 */;
CREATE TABLE `carsites` (
  `sites` char(10) DEFAULT NULL,
  `website_id` int DEFAULT NULL
) ENGINE=InnoDB DEFAULT CHARSET=utf8mb4 COLLATE=utf8mb4_0900_ai_ci;
/*!40101 SET character_set_client = @saved_cs_client */;

--
-- Dumping data for table `carsites`
--

LOCK TABLES `carsites` WRITE;
/*!40000 ALTER TABLE `carsites` DISABLE KEYS */;
INSERT INTO `carsites` VALUES ('Autotrader',1),('Cars',2),('Truecar',3);
/*!40000 ALTER TABLE `carsites` ENABLE KEYS */;
UNLOCK TABLES;

--
-- Table structure for table `cartotal`
--

DROP TABLE IF EXISTS `cartotal`;
/*!40101 SET @saved_cs_client     = @@character_set_client */;
/*!50503 SET character_set_client = utf8mb4 */;
CREATE TABLE `cartotal` (
  `price` int DEFAULT NULL,
  `mileage` int DEFAULT NULL,
  `year` int DEFAULT NULL,
  `model` text,
  `date` datetime DEFAULT NULL,
  `origin` text,
  `website_id` int DEFAULT NULL,
  `car_id` int DEFAULT NULL
) ENGINE=InnoDB DEFAULT CHARSET=utf8mb4 COLLATE=utf8mb4_0900_ai_ci;
/*!40101 SET character_set_client = @saved_cs_client */;

--
-- Dumping data for table `cartotal`
--

LOCK TABLES `cartotal` WRITE;
/*!40000 ALTER TABLE `cartotal` DISABLE KEYS */;
INSERT INTO `cartotal` VALUES (9590,91460,2014,'Scion xB','2020-12-17 00:00:00','autotrader',1,1),(6000,103079,2005,'Scion xB','2020-12-17 00:00:00','autotrader',1,1),(7490,84344,2009,'Scion xB','2020-12-17 00:00:00','autotrader',1,1),(5888,132986,2011,'Scion xB Release Series 8.0','2020-12-17 00:00:00','autotrader',1,1),(10797,40395,2012,'Scion xB','2020-12-17 00:00:00','autotrader',1,1),(7994,119607,2011,'Scion xB','2020-12-17 00:00:00','autotrader',1,1),(12952,48328,2015,'Scion xB','2020-12-17 00:00:00','autotrader',1,1),(8566,96465,2012,'Scion xB','2020-12-17 00:00:00','autotrader',1,1),(10950,59839,2014,'Scion xB','2020-12-17 00:00:00','autotrader',1,1),(10444,87505,2015,'Scion xB','2020-12-17 00:00:00','autotrader',1,1),(8421,71889,2010,'Scion xB','2020-12-17 00:00:00','autotrader',1,1),(4995,176868,2008,'Scion xB','2020-12-17 00:00:00','autotrader',1,1),(8749,110080,2012,'Scion xB','2020-12-17 00:00:00','autotrader',1,1),(8995,91322,2013,'Scion xB','2020-12-17 00:00:00','autotrader',1,1),(9780,95026,2015,'Scion xB','2020-12-17 00:00:00','autotrader',1,1),(8699,82487,2013,'Scion xB','2020-12-17 00:00:00','autotrader',1,1),(16999,23237,2015,'Scion xB','2020-12-17 00:00:00','autotrader',1,1),(5998,119673,2008,'Scion xB','2020-12-17 00:00:00','autotrader',1,1),(5995,117647,2011,'Scion xB','2020-12-17 00:00:00','autotrader',1,1),(7994,104087,2008,'Scion xB','2020-12-17 00:00:00','autotrader',1,1),(13777,74263,2015,'Scion xB','2020-12-17 00:00:00','autotrader',1,1),(9950,92121,2014,'Scion xB','2020-12-17 00:00:00','autotrader',1,1),(8998,117681,2012,'Scion xB','2020-12-17 00:00:00','autotrader',1,1),(5950,251527,2010,'Scion xB','2020-12-17 00:00:00','autotrader',1,1),(6995,115962,2012,'Scion xB','2020-12-17 00:00:00','autotrader',1,1),(7995,133177,2013,'Scion xB','2020-12-17 00:00:00','autotrader',1,1),(8495,116531,2014,'Scion xB','2020-12-17 00:00:00','autotrader',1,1),(8995,111492,2011,'Scion xB','2020-12-17 00:00:00','autotrader',1,1),(8490,97679,2012,'Scion xB','2020-12-17 00:00:00','autotrader',1,1),(7499,107619,2012,'Scion xB','2020-12-17 00:00:00','autotrader',1,1),(6985,140659,2012,'Scion xB','2020-12-17 00:00:00','autotrader',1,1),(12500,51657,2015,'Scion xB 10 Series','2020-12-17 00:00:00','autotrader',1,1),(8491,63103,2013,'Scion xB','2020-12-17 00:00:00','autotrader',1,1),(5985,118246,2005,'Scion xB','2020-12-17 00:00:00','autotrader',1,1),(14488,42246,2015,'Scion xB','2020-12-17 00:00:00','autotrader',1,1),(11795,47515,2015,'Scion xB','2020-12-17 00:00:00','autotrader',1,1),(12895,41780,2015,'Scion xB','2020-12-17 00:00:00','autotrader',1,1),(9316,81499,2013,'Scion xB','2020-12-17 00:00:00','autotrader',1,1),(8491,81853,2014,'Scion xB','2020-12-17 00:00:00','autotrader',1,1),(2990,191265,2004,'Scion xB','2020-12-17 00:00:00','autotrader',1,1),(10500,80097,2014,'Scion xB','2020-12-17 00:00:00','autotrader',1,1),(6500,104020,2008,'Scion xB','2020-12-17 00:00:00','autotrader',1,1),(7999,84877,2011,'Scion xB','2020-12-17 00:00:00','autotrader',1,1),(5150,152305,2008,'Scion xB','2020-12-17 00:00:00','autotrader',1,1),(6995,135018,2008,'Scion xB','2020-12-17 00:00:00','autotrader',1,1),(9995,71012,2013,'Scion xB','2020-12-17 00:00:00','autotrader',1,1),(4295,157049,2006,'Scion xB','2020-12-17 00:00:00','autotrader',1,1),(8800,87719,2012,'Scion xB','2020-12-17 00:00:00','autotrader',1,1),(9777,62631,2012,'Scion xB','2020-12-17 00:00:00','autotrader',1,1),(6988,108000,2012,'Scion xB','2020-12-17 00:00:00','autotrader',1,1),(8800,83000,2013,'Scion xB','2020-12-17 00:00:00','autotrader',1,1),(10434,81591,2014,'Scion xB','2020-12-17 00:00:00','autotrader',1,1),(10900,87109,2014,'Scion xB','2020-12-17 00:00:00','autotrader',1,1),(10888,97840,2015,'Scion xB','2020-12-17 00:00:00','autotrader',1,1),(5999,111067,2013,'Scion xB','2020-12-17 00:00:00','autotrader',1,1),(3999,178972,2006,'Scion xB Release Series 4.0','2020-12-17 00:00:00','autotrader',1,1),(6333,91000,2008,'Scion xB','2020-12-17 00:00:00','autotrader',1,1),(8995,72036,2010,'Scion xB','2020-12-17 00:00:00','autotrader',1,1),(5999,109040,2009,'Scion xB','2020-12-17 00:00:00','autotrader',1,1),(8977,103389,2012,'Scion xB','2020-12-17 00:00:00','autotrader',1,1),(6999,134293,2013,'Scion xB','2020-12-17 00:00:00','autotrader',1,1),(7999,117321,2012,'Scion xB','2020-12-17 00:00:00','autotrader',1,1),(8995,96791,2009,'Scion xB','2020-12-17 00:00:00','autotrader',1,1),(7995,181519,2012,'Scion xB','2020-12-17 00:00:00','autotrader',1,1),(6995,124166,2009,'Scion xB','2020-12-17 00:00:00','autotrader',1,1),(5500,161100,2009,'Scion xB','2020-12-17 00:00:00','autotrader',1,1),(7372,129082,2011,'Scion xB Release Series 8.0','2020-12-17 00:00:00','autotrader',1,1),(12750,47000,2015,'Scion xB 10 Series','2020-12-17 00:00:00','autotrader',1,1),(10351,91104,2012,'Scion xB','2020-12-17 00:00:00','autotrader',1,1),(8995,64633,2008,'Scion xB','2020-12-17 00:00:00','autotrader',1,1),(5995,226091,2008,'Scion xB','2020-12-17 00:00:00','autotrader',1,1),(6995,165733,2009,'Scion xB','2020-12-17 00:00:00','autotrader',1,1),(6995,139315,2011,'Scion xB','2020-12-17 00:00:00','autotrader',1,1),(13688,70931,2015,'Scion xB','2020-12-17 00:00:00','autotrader',1,1),(4995,165910,2011,'Scion xB Release Series 8.0','2020-12-17 00:00:00','autotrader',1,1),(9495,90910,2013,'Scion xB','2020-12-17 00:00:00','autotrader',1,1),(4990,183414,2008,'Scion xB','2020-12-17 00:00:00','autotrader',1,1),(11309,50942,2013,'Scion xB','2020-12-17 00:00:00','autotrader',1,1),(3995,303808,2012,'Scion xB','2020-12-17 00:00:00','autotrader',1,1),(9990,76849,2010,'Scion xB','2020-12-17 00:00:00','cars',2,1),(6995,122861,2012,'Scion xB Base','2020-12-17 00:00:00','cars',2,1),(10434,81591,2014,'Scion xB','2020-12-17 00:00:00','cars',2,1),(8491,63103,2013,'Scion xB Base','2020-12-17 00:00:00','cars',2,1),(7994,119607,2011,'Scion xB Release Series 8.0','2020-12-17 00:00:00','cars',2,1),(7995,110586,2013,'Scion xB Base','2020-12-17 00:00:00','cars',2,1),(6988,108000,2012,'Scion xB 5-SPD','2020-12-17 00:00:00','cars',2,1),(6900,100929,2008,'Scion xB','2020-12-17 00:00:00','cars',2,1),(10351,91104,2012,'Scion xB','2020-12-17 00:00:00','cars',2,1),(10900,87109,2014,'Scion xB Base','2020-12-17 00:00:00','cars',2,1),(9495,90910,2013,'Scion xB','2020-12-17 00:00:00','cars',2,1),(8995,91322,2013,'Scion xB','2020-12-17 00:00:00','cars',2,1),(8800,83000,2013,'Scion xB 5-SPD','2020-12-17 00:00:00','cars',2,1),(11922,138065,2014,'Scion xB','2020-12-17 00:00:00','cars',2,1),(8995,85079,2012,'Scion xB','2020-12-17 00:00:00','cars',2,1),(2990,191265,2004,'Scion xB','2020-12-17 00:00:00','cars',2,1),(6999,139916,2012,'Scion xB','2020-12-17 00:00:00','cars',2,1),(11795,47515,2015,'Scion xB','2020-12-17 00:00:00','cars',2,1),(10599,92536,2013,'Scion xB','2020-12-17 00:00:00','cars',2,1),(8491,81853,2014,'Scion xB Base','2020-12-17 00:00:00','cars',2,1),(12952,48328,2015,'Scion xB','2020-12-17 00:00:00','cars',2,1),(12895,41780,2015,'Scion xB','2020-12-17 00:00:00','cars',2,1),(8998,77811,2011,'Scion xB','2020-12-17 00:00:00','cars',2,1),(9950,92121,2014,'Scion xB','2020-12-17 00:00:00','cars',2,1),(9900,25100,2012,'Scion xB Release Series 9.0','2020-12-17 00:00:00','cars',2,1),(15705,75677,2015,'Scion xB','2020-12-17 00:00:00','cars',2,1),(10797,40395,2012,'Scion xB W/CERTIFIED PROTECTION','2020-12-17 00:00:00','cars',2,1),(7995,133177,2013,'Scion xB Base','2020-12-17 00:00:00','cars',2,1),(5888,132986,2011,'Scion xB Release Series 8.0','2020-12-17 00:00:00','cars',2,1),(8988,88438,2015,'Scion xB Base','2020-12-17 00:00:00','cars',2,1),(11309,50942,2013,'Scion xB MONO','2020-12-17 00:00:00','cars',2,1),(8699,82487,2013,'Scion xB','2020-12-17 00:00:00','cars',2,1),(6995,115962,2012,'Scion xB','2020-12-17 00:00:00','cars',2,1),(8998,117681,2012,'Scion xB Base','2020-12-17 00:00:00','cars',2,1),(9888,89017,2014,'Scion xB','2020-12-17 00:00:00','cars',2,1),(6985,140659,2012,'Scion xB 4-SPD','2020-12-17 00:00:00','cars',2,1),(5985,120000,2006,'Scion xB','2020-12-17 00:00:00','cars',2,1),(5355,162636,2010,'Scion xB','2020-12-17 00:00:00','cars',2,1),(8421,71889,2010,'Scion xB','2020-12-17 00:00:00','cars',2,1),(5991,138901,2009,'Scion xB','2020-12-17 00:00:00','cars',2,1),(5998,119673,2008,'Scion xB','2020-12-17 00:00:00','cars',2,1),(8495,127257,2013,'Scion xB 4-SPD','2020-12-17 00:00:00','cars',2,1),(7429,106573,2008,'Scion xB','2020-12-17 00:00:00','cars',2,1),(6995,124166,2009,'Scion xB','2020-12-17 00:00:00','cars',2,1),(9316,81499,2013,'Scion xB Base','2020-12-17 00:00:00','cars',2,1),(8995,72036,2010,'Scion xB','2020-12-17 00:00:00','cars',2,1),(6490,119937,2010,'Scion xB','2020-12-17 00:00:00','cars',2,1),(8995,96791,2009,'Scion xB','2020-12-17 00:00:00','cars',2,1),(8599,123319,2012,'Scion xB','2020-12-17 00:00:00','cars',2,1),(14500,39704,2015,'Scion xB','2020-12-17 00:00:00','cars',2,1),(9590,91460,2014,'Scion xB Base','2020-12-17 00:00:00','cars',2,1),(8000,78750,2012,'Scion xB Base','2020-12-17 00:00:00','cars',2,1),(7994,104087,2008,'Scion xB','2020-12-17 00:00:00','cars',2,1),(9780,95026,2015,'Scion xB','2020-12-17 00:00:00','cars',2,1),(8749,110080,2012,'Scion xB W/CERTIFIED PROTECTION','2020-12-17 00:00:00','cars',2,1),(11599,73439,2013,'Scion xB','2020-12-17 00:00:00','cars',2,1),(6290,148000,2009,'Scion xB','2020-12-17 00:00:00','cars',2,1),(9998,93012,2010,'Scion xB','2020-12-17 00:00:00','cars',2,1),(10000,73000,2014,'Scion xB Base','2020-12-17 00:00:00','cars',2,1),(3999,178972,2006,'Scion xB','2020-12-17 00:00:00','cars',2,1),(10990,87467,2012,'Scion xB','2020-12-17 00:00:00','cars',2,1),(12990,61041,2013,'Scion xB','2020-12-17 00:00:00','cars',2,1),(7749,125346,2011,'Scion xB','2020-12-17 00:00:00','cars',2,1),(9990,100343,2009,'Scion xB','2020-12-17 00:00:00','cars',2,1),(6333,91000,2008,'Scion xB','2020-12-17 00:00:00','cars',2,1),(10950,59839,2014,'Scion xB','2020-12-17 00:00:00','cars',2,1),(10599,97249,2014,'Scion xB','2020-12-17 00:00:00','cars',2,1),(8988,88438,2015,'Scion xB','2020-12-17 00:00:00','truecar',3,1),(8450,48200,2013,'Scion xB','2020-12-17 00:00:00','truecar',3,1),(6500,104020,2008,'Scion xB','2020-12-17 00:00:00','truecar',3,1),(6997,152000,2009,'Scion xB','2020-12-17 00:00:00','truecar',3,1),(5999,109040,2009,'Scion xB','2020-12-17 00:00:00','truecar',3,1),(8491,63103,2013,'Scion xB','2020-12-17 00:00:00','truecar',3,1),(6999,134293,2013,'Scion xB','2020-12-17 00:00:00','truecar',3,1),(8382,67953,2013,'Scion xB','2020-12-17 00:00:00','truecar',3,1),(6999,139916,2012,'Scion xB','2020-12-17 00:00:00','truecar',3,1),(5888,132986,2011,'Scion xB','2020-12-17 00:00:00','truecar',3,1),(5999,134991,2011,'Scion xB','2020-12-17 00:00:00','truecar',3,1),(5500,153998,2008,'Scion xB','2020-12-17 00:00:00','truecar',3,1),(6333,91000,2008,'Scion xB','2020-12-17 00:00:00','truecar',3,1),(9950,92115,2014,'Scion xB','2020-12-17 00:00:00','truecar',3,1),(8888,56112,2013,'Scion xB','2020-12-17 00:00:00','truecar',3,1),(4950,188700,2012,'Scion xB','2020-12-17 00:00:00','truecar',3,1),(9900,100104,2015,'Scion xB','2020-12-17 00:00:00','truecar',3,1),(6490,119937,2010,'Scion xB','2020-12-17 00:00:00','truecar',3,1),(9888,89017,2014,'Scion xB','2020-12-17 00:00:00','truecar',3,1),(6500,108300,2010,'Scion xB','2020-12-17 00:00:00','truecar',3,1),(12716,16494,2014,'Scion xB','2020-12-17 00:00:00','truecar',3,1),(7997,118000,2010,'Scion xB','2020-12-17 00:00:00','truecar',3,1),(10888,97840,2015,'Scion xB','2020-12-17 00:00:00','truecar',3,1),(9900,83309,2014,'Scion xB','2020-12-17 00:00:00','truecar',3,1),(8999,83398,2014,'Scion xB','2020-12-17 00:00:00','truecar',3,1),(12995,39451,2014,'Scion xB','2020-12-17 00:00:00','truecar',3,1),(7995,133177,2013,'Scion xB','2020-12-17 00:00:00','truecar',3,1),(8490,97679,2012,'Scion xB','2020-12-17 00:00:00','truecar',3,1),(8800,87719,2012,'Scion xB','2020-12-17 00:00:00','truecar',3,1),(11990,69859,2014,'Scion xB','2020-12-17 00:00:00','truecar',3,1),(7499,107619,2012,'Scion xB','2020-12-17 00:00:00','truecar',3,1),(8566,96465,2012,'Scion xB','2020-12-17 00:00:00','truecar',3,1),(6590,133000,2009,'Scion xB','2020-12-17 00:00:00','truecar',3,1),(9995,87495,2014,'Scion xB','2020-12-17 00:00:00','truecar',3,1),(7999,117321,2012,'Scion xB','2020-12-17 00:00:00','truecar',3,1),(9780,95026,2015,'Scion xB','2020-12-17 00:00:00','truecar',3,1),(7429,106573,2008,'Scion xB','2020-12-17 00:00:00','truecar',3,1),(7495,143028,2010,'Scion xB','2020-12-17 00:00:00','truecar',3,1),(6985,140659,2012,'Scion xB','2020-12-17 00:00:00','truecar',3,1),(7000,159621,2012,'Scion xB','2020-12-17 00:00:00','truecar',3,1),(8995,86735,2008,'Scion xB','2020-12-17 00:00:00','truecar',3,1),(9990,76849,2010,'Scion xB','2020-12-17 00:00:00','truecar',3,1),(12990,61041,2013,'Scion xB','2020-12-17 00:00:00','truecar',3,1),(8495,102932,2012,'Scion xB','2020-12-17 00:00:00','truecar',3,1),(8995,91322,2013,'Scion xB','2020-12-17 00:00:00','truecar',3,1),(10990,87467,2012,'Scion xB','2020-12-17 00:00:00','truecar',3,1),(10500,80097,2014,'Scion xB','2020-12-17 00:00:00','truecar',3,1),(14488,42246,2015,'Scion xB','2020-12-17 00:00:00','truecar',3,1),(12952,48328,2015,'Scion xB','2020-12-17 00:00:00','truecar',3,1),(7994,119607,2011,'Scion xB','2020-12-17 00:00:00','truecar',3,1),(13777,74263,2015,'Scion xB','2020-12-17 00:00:00','truecar',3,1),(8421,71889,2010,'Scion xB','2020-12-17 00:00:00','truecar',3,1),(5985,118246,2005,'Scion xB','2020-12-17 00:00:00','truecar',3,1),(6971,215561,2008,'Scion xB','2020-12-17 00:00:00','truecar',3,1),(6599,150375,2009,'Scion xB','2020-12-17 00:00:00','truecar',3,1),(10998,99881,2014,'Scion xB','2020-12-17 00:00:00','truecar',3,1),(16999,23237,2015,'Scion xB','2020-12-17 00:00:00','truecar',3,1),(3995,303808,2012,'Scion xB','2020-12-17 00:00:00','truecar',3,1),(11359,76608,2014,'Scion xB','2020-12-17 00:00:00','truecar',3,1),(8995,64633,2008,'Scion xB','2020-12-17 00:00:00','truecar',3,1),(10434,81591,2014,'Scion xB','2020-12-17 00:00:00','truecar',3,1),(8995,85079,2012,'Scion xB','2020-12-17 00:00:00','truecar',3,1),(15705,75677,2015,'Scion xB','2020-12-17 00:00:00','truecar',3,1),(9495,90910,2013,'Scion xB','2020-12-17 00:00:00','truecar',3,1),(9995,66331,2012,'Scion xB','2020-12-17 00:00:00','truecar',3,1),(7995,96183,2008,'Scion xB','2020-12-17 00:00:00','truecar',3,1),(11428,50942,2013,'Scion xB','2020-12-17 00:00:00','truecar',3,1),(7994,104087,2008,'Scion xB','2020-12-17 00:00:00','truecar',3,1),(6000,103079,2005,'Scion xB','2020-12-17 00:00:00','truecar',3,1),(8749,110080,2012,'Scion xB','2020-12-17 00:00:00','truecar',3,1),(5985,120000,2006,'Scion xB','2020-12-17 00:00:00','truecar',3,1),(10797,40395,2012,'Scion xB','2020-12-17 00:00:00','truecar',3,1),(9995,71012,2013,'Scion xB','2020-12-17 00:00:00','truecar',3,1),(6995,89389,2005,'Scion xB','2020-12-17 00:00:00','truecar',3,1),(8995,72036,2010,'Scion xB','2020-12-17 00:00:00','truecar',3,1),(6995,124166,2009,'Scion xB','2020-12-17 00:00:00','truecar',3,1),(10351,91104,2012,'Scion xB','2020-12-17 00:00:00','truecar',3,1),(8995,96791,2009,'Scion xB','2020-12-17 00:00:00','truecar',3,1),(9072,83124,2012,'Scion xB','2021-01-28 00:00:00','autotrader',1,1),(11950,69573,2015,'Scion xB','2021-01-28 00:00:00','autotrader',1,1),(9495,94024,2014,'Scion xB','2021-01-28 00:00:00','autotrader',1,1),(10997,31928,2011,'Scion xB','2021-01-28 00:00:00','autotrader',1,1),(13452,61192,2015,'Scion xB','2021-01-28 00:00:00','autotrader',1,1),(8550,83226,2012,'Scion xB','2021-01-28 00:00:00','autotrader',1,1),(10991,87325,2015,'Scion xB','2021-01-28 00:00:00','autotrader',1,1),(5986,172853,2010,'Scion xB','2021-01-28 00:00:00','autotrader',1,1),(7990,100343,2009,'Scion xB','2021-01-28 00:00:00','autotrader',1,1),(13990,32893,2014,'Scion xB','2021-01-28 00:00:00','autotrader',1,1),(11990,52297,2011,'Scion xB','2021-01-28 00:00:00','autotrader',1,1),(16000,21659,2015,'Scion xB 686 Parklan Edition','2021-01-28 00:00:00','autotrader',1,1),(9835,104759,2015,'Scion xB','2021-01-28 00:00:00','autotrader',1,1),(9871,69300,2013,'Scion xB','2021-01-28 00:00:00','autotrader',1,1),(8292,108269,2012,'Scion xB','2021-01-28 00:00:00','autotrader',1,1),(9998,59695,2011,'Scion xB','2021-01-28 00:00:00','autotrader',1,1),(8997,48963,2012,'Scion xB','2021-01-28 00:00:00','autotrader',1,1),(13481,50209,2015,'Scion xB 686 Parklan Edition','2021-01-28 00:00:00','autotrader',1,1),(7408,114396,2012,'Scion xB','2021-01-28 00:00:00','autotrader',1,1),(8886,75302,2015,'Scion xB','2021-01-28 00:00:00','autotrader',1,1),(12481,49851,2015,'Scion xB','2021-01-28 00:00:00','autotrader',1,1),(13500,18451,2014,'Scion xB','2021-01-28 00:00:00','autotrader',1,1),(8982,109076,2012,'Scion xB','2021-01-28 00:00:00','autotrader',1,1),(9495,92793,2014,'Scion xB','2021-01-28 00:00:00','autotrader',1,1),(5999,147998,2010,'Scion xB','2021-01-28 00:00:00','autotrader',1,1),(12988,49235,2015,'Scion xB','2021-01-28 00:00:00','autotrader',1,1),(9500,89672,2013,'Scion xB 10 Series','2021-01-28 00:00:00','autotrader',1,1),(8987,89348,2014,'Scion xB','2021-01-28 00:00:00','autotrader',1,1),(7591,88065,2012,'Scion xB','2021-01-28 00:00:00','autotrader',1,1),(11580,74538,2015,'Scion xB','2021-01-28 00:00:00','autotrader',1,1),(10995,87590,2014,'Scion xB','2021-01-28 00:00:00','autotrader',1,1),(5589,184143,2012,'Scion xB','2021-01-28 00:00:00','autotrader',1,1),(6495,138401,2008,'Scion xB','2021-01-28 00:00:00','autotrader',1,1),(9988,46000,2014,'Scion xB','2021-01-28 00:00:00','autotrader',1,1),(10988,101440,2013,'Scion xB','2021-01-28 00:00:00','autotrader',1,1),(3880,150482,2006,'Scion xB','2021-01-28 00:00:00','autotrader',1,1),(8990,85961,2013,'Scion xB','2021-01-28 00:00:00','autotrader',1,1),(11995,73441,2013,'Scion xB 10 Series','2021-01-28 00:00:00','autotrader',1,1),(7995,118150,2006,'Scion xB','2021-01-28 00:00:00','autotrader',1,1),(4988,145000,2009,'Scion xB','2021-01-28 00:00:00','autotrader',1,1),(5999,156220,2011,'Scion xB','2021-01-28 00:00:00','autotrader',1,1),(7888,112316,2009,'Scion xB','2021-01-28 00:00:00','autotrader',1,1),(5988,148316,2009,'Scion xB','2021-01-28 00:00:00','autotrader',1,1),(6495,116347,2008,'Scion xB','2021-01-28 00:00:00','autotrader',1,1),(8995,72070,2010,'Scion xB','2021-01-28 00:00:00','autotrader',1,1),(10224,76198,2014,'Scion xB','2021-01-28 00:00:00','autotrader',1,1),(7900,121382,2010,'Scion xB','2021-01-28 00:00:00','autotrader',1,1),(7999,113206,2010,'Scion xB','2021-01-28 00:00:00','autotrader',1,1),(5899,92500,2008,'Scion xB','2021-01-28 00:00:00','autotrader',1,1),(8988,92102,2011,'Scion xB','2021-01-28 00:00:00','autotrader',1,1),(7995,118728,2005,'Scion xB','2021-01-28 00:00:00','autotrader',1,1),(7999,165101,2010,'Scion xB','2021-01-28 00:00:00','autotrader',1,1),(5000,137414,2012,'Scion xB','2021-01-28 00:00:00','autotrader',1,1),(5000,189000,2011,'Scion xB 10 Series','2021-01-28 00:00:00','autotrader',1,1),(11285,75102,2015,'Scion xB','2021-01-28 00:00:00','autotrader',1,1),(6999,87213,2008,'Scion xB','2021-01-28 00:00:00','autotrader',1,1),(8495,136693,2015,'Scion xB','2021-01-28 00:00:00','autotrader',1,1),(7995,106009,2009,'Scion xB','2021-01-28 00:00:00','autotrader',1,1),(8886,75302,2015,'Scion xB Base','2021-01-28 00:00:00','cars',2,1),(9495,94024,2014,'Scion xB','2021-01-28 00:00:00','cars',2,1),(9998,77541,2011,'Scion xB','2021-01-28 00:00:00','cars',2,1),(13481,50209,2015,'Scion xB 686 Parklan Edition','2021-01-28 00:00:00','cars',2,1),(12481,49851,2015,'Scion xB','2021-01-28 00:00:00','cars',2,1),(6495,116347,2008,'Scion xB','2021-01-28 00:00:00','cars',2,1),(11950,69573,2015,'Scion xB','2021-01-28 00:00:00','cars',2,1),(11990,52297,2011,'Scion xB','2021-01-28 00:00:00','cars',2,1),(9990,79365,2010,'Scion xB','2021-01-28 00:00:00','cars',2,1),(4800,213217,2005,'Scion xB','2021-01-28 00:00:00','cars',2,1),(7900,121382,2010,'Scion xB','2021-01-28 00:00:00','cars',2,1),(9998,95807,2013,'Scion xB','2021-01-28 00:00:00','cars',2,1),(5986,172853,2010,'Scion xB','2021-01-28 00:00:00','cars',2,1),(13990,32893,2014,'Scion xB','2021-01-28 00:00:00','cars',2,1),(12990,45143,2014,'Scion xB','2021-01-28 00:00:00','cars',2,1),(9911,104759,2015,'Scion xB','2021-01-28 00:00:00','cars',2,1),(5899,92500,2008,'Scion xB','2021-01-28 00:00:00','cars',2,1),(3880,150482,2006,'Scion xB','2021-01-28 00:00:00','cars',2,1),(9072,83124,2012,'Scion xB','2021-01-28 00:00:00','cars',2,1),(11599,63525,2013,'Scion xB','2021-01-28 00:00:00','cars',2,1),(11612,52545,2014,'Scion xB','2021-01-28 00:00:00','cars',2,1),(10703,93175,2015,'Scion xB','2021-01-28 00:00:00','cars',2,1),(10997,31928,2011,'Scion xB W/CERTIFIED PROTECTION','2021-01-28 00:00:00','cars',2,1),(6999,87213,2008,'Scion xB','2021-01-28 00:00:00','cars',2,1),(7995,118728,2005,'Scion xB','2021-01-28 00:00:00','cars',2,1),(7999,113206,2010,'Scion xB','2021-01-28 00:00:00','cars',2,1),(7995,118150,2006,'Scion xB','2021-01-28 00:00:00','cars',2,1),(8995,72070,2010,'Scion xB','2021-01-28 00:00:00','cars',2,1),(4988,145000,2009,'Scion xB','2021-01-28 00:00:00','cars',2,1),(9500,89672,2013,'Scion xB 10 Series','2021-01-28 00:00:00','cars',2,1),(9988,46000,2014,'Scion xB 5-SPD','2021-01-28 00:00:00','cars',2,1),(9599,102098,2012,'Scion xB','2021-01-28 00:00:00','cars',2,1),(8990,74642,2014,'Scion xB Base','2021-01-28 00:00:00','cars',2,1),(7591,88065,2012,'Scion xB Base','2021-01-28 00:00:00','cars',2,1),(8995,95903,2013,'Scion xB','2021-01-28 00:00:00','cars',2,1),(11599,52439,2011,'Scion xB','2021-01-28 00:00:00','cars',2,1),(10988,101440,2013,'Scion xB 10 Series','2021-01-28 00:00:00','cars',2,1),(7500,105362,2012,'Scion xB','2021-01-28 00:00:00','cars',2,1),(7715,106210,2012,'Scion xB Base','2021-01-28 00:00:00','cars',2,1),(4950,112000,2008,'Scion xB','2021-01-28 00:00:00','cars',2,1),(8997,48963,2012,'Scion xB Base','2021-01-28 00:00:00','cars',2,1),(10991,87325,2015,'Scion xB','2021-01-28 00:00:00','cars',2,1),(7888,112316,2009,'Scion xB','2021-01-28 00:00:00','cars',2,1),(5988,148316,2009,'Scion xB','2021-01-28 00:00:00','cars',2,1),(9698,69300,2013,'Scion xB','2021-01-28 00:00:00','cars',2,1),(13500,18451,2014,'Scion xB Base','2021-01-28 00:00:00','cars',2,1),(7408,114396,2012,'Scion xB','2021-01-28 00:00:00','cars',2,1),(7995,106009,2009,'Scion xB','2021-01-28 00:00:00','cars',2,1),(8500,93570,2012,'Scion xB 4-SPD','2021-01-28 00:00:00','cars',2,1),(8999,108213,2011,'Scion xB Base','2021-01-28 00:00:00','cars',2,1),(5999,150559,2008,'Scion xB','2020-12-10 00:00:00','truecar',3,1),(6495,142430,2010,'Scion xB','2020-12-10 00:00:00','truecar',3,1),(7995,31691,2013,'Scion xB','2020-12-10 00:00:00','truecar',3,1),(5985,119972,2008,'Scion xB','2020-12-10 00:00:00','truecar',3,1),(9997,114000,2014,'Scion xB','2020-12-10 00:00:00','truecar',3,1),(11590,71048,2014,'Scion xB','2020-12-10 00:00:00','truecar',3,1),(11799,70926,2015,'Scion xB','2020-12-10 00:00:00','truecar',3,1),(7350,134084,2012,'Scion xB','2020-12-10 00:00:00','truecar',3,1),(12450,35598,2014,'Scion xB','2020-12-10 00:00:00','truecar',3,1),(8900,130360,2012,'Scion xB','2020-12-10 00:00:00','truecar',3,1),(9954,90359,2014,'Scion xB','2020-12-10 00:00:00','truecar',3,1),(8890,95094,2011,'Scion xB','2020-12-10 00:00:00','truecar',3,1),(12952,48327,2015,'Scion xB','2020-12-10 00:00:00','truecar',3,1),(4688,184860,2006,'Scion xB','2020-12-10 00:00:00','truecar',3,1),(8979,140633,2012,'Scion xB','2020-12-10 00:00:00','truecar',3,1),(8991,115427,2012,'Scion xB','2020-12-10 00:00:00','truecar',3,1),(6288,112328,2009,'Scion xB','2021-02-17 00:00:00','autotrader',1,1),(5100,141235,2006,'Scion xB','2021-02-17 00:00:00','autotrader',1,1),(6100,123274,2008,'Scion xB','2021-02-17 00:00:00','autotrader',1,1),(9250,85252,2013,'Scion xB','2021-02-17 00:00:00','autotrader',1,1),(4785,168066,2008,'Scion xB','2021-02-17 00:00:00','autotrader',1,1),(7598,115257,2012,'Scion xB','2021-02-17 00:00:00','autotrader',1,1),(6988,132894,2012,'Scion xB','2021-02-17 00:00:00','autotrader',1,1),(11163,66002,2014,'Scion xB','2021-02-17 00:00:00','autotrader',1,1),(13999,56310,2015,'Scion xB','2021-02-17 00:00:00','autotrader',1,1),(12590,85446,2013,'Scion xB','2021-02-17 00:00:00','autotrader',1,1),(10590,96221,2012,'Scion xB','2021-02-17 00:00:00','autotrader',1,1),(8490,108346,2013,'Scion xB','2021-02-17 00:00:00','autotrader',1,1),(12660,70000,2015,'Scion xB','2021-02-17 00:00:00','autotrader',1,1),(7785,124786,2012,'Scion xB','2021-02-17 00:00:00','autotrader',1,1),(12900,81200,2015,'Scion xB','2021-02-17 00:00:00','autotrader',1,1),(6099,138643,2014,'Scion xB','2021-02-17 00:00:00','autotrader',1,1),(9272,130068,2014,'Scion xB','2021-02-17 00:00:00','autotrader',1,1),(7999,121438,2013,'Scion xB','2021-02-17 00:00:00','autotrader',1,1),(10999,73263,2013,'Scion xB','2021-02-17 00:00:00','autotrader',1,1),(8597,88049,2012,'Scion xB','2021-02-17 00:00:00','autotrader',1,1),(4991,141638,2005,'Scion xB','2021-02-17 00:00:00','autotrader',1,1),(6995,132659,2010,'Scion xB','2021-02-17 00:00:00','autotrader',1,1),(7999,93761,2009,'Scion xB','2021-02-17 00:00:00','autotrader',1,1),(9999,76716,2013,'Scion xB','2021-02-17 00:00:00','autotrader',1,1),(5990,176532,2014,'Scion xB','2021-02-17 00:00:00','autotrader',1,1),(9995,109424,2014,'Scion xB','2021-02-17 00:00:00','autotrader',1,1),(5490,164401,2008,'Scion xB','2021-02-17 00:00:00','autotrader',1,1),(3211,178875,2008,'Scion xB','2021-02-17 00:00:00','autotrader',1,1),(12311,71487,2015,'Scion xB','2021-02-17 00:00:00','autotrader',1,1),(7495,132000,2011,'Scion xB','2021-02-17 00:00:00','autotrader',1,1),(10195,61434,2015,'Scion xB','2021-02-17 00:00:00','autotrader',1,1),(6995,103569,2008,'Scion xB','2021-02-17 00:00:00','autotrader',1,1),(7999,147998,2009,'Scion xB','2021-02-17 00:00:00','autotrader',1,1),(9995,84972,2014,'Scion xB','2021-02-17 00:00:00','autotrader',1,1),(10821,68958,2013,'Scion xB','2021-02-17 00:00:00','autotrader',1,1),(6499,142776,2006,'Scion xB','2021-02-17 00:00:00','cars',2,1),(6999,117734,2006,'Scion xB','2021-02-17 00:00:00','cars',2,1),(7999,93761,2009,'Scion xB','2021-02-17 00:00:00','cars',2,1),(13788,62758,2015,'Scion xB','2021-02-17 00:00:00','cars',2,1),(7785,124786,2012,'Scion xB','2021-02-17 00:00:00','cars',2,1),(10715,75102,2015,'Scion xB','2021-02-17 00:00:00','cars',2,1),(8500,109076,2012,'Scion xB','2021-02-17 00:00:00','cars',2,1),(9995,109424,2014,'Scion xB','2021-02-17 00:00:00','cars',2,1),(12590,85446,2013,'Scion xB 10 Series','2021-02-17 00:00:00','cars',2,1),(9337,129830,2013,'Scion xB Base','2021-02-17 00:00:00','cars',2,1),(11995,66002,2014,'Scion xB Base','2021-02-17 00:00:00','cars',2,1),(13999,56310,2015,'Scion xB','2021-02-17 00:00:00','cars',2,1),(6288,112328,2009,'Scion xB','2021-02-17 00:00:00','cars',2,1),(10590,96221,2012,'Scion xB','2021-02-17 00:00:00','cars',2,1),(4991,141638,2005,'Scion xB','2021-02-17 00:00:00','cars',2,1),(9250,85252,2013,'Scion xB Base','2021-02-17 00:00:00','cars',2,1),(5100,141235,2006,'Scion xB','2021-02-17 00:00:00','cars',2,1),(6777,114000,2012,'Scion xB','2021-02-17 00:00:00','cars',2,1),(7598,115257,2012,'Scion xB','2021-02-17 00:00:00','cars',2,1),(9999,76716,2013,'Scion xB Base','2021-02-17 00:00:00','cars',2,1),(10999,73263,2013,'Scion xB Base','2021-02-17 00:00:00','cars',2,1),(5490,164401,2008,'Scion xB','2021-02-17 00:00:00','cars',2,1),(6100,123274,2008,'Scion xB','2021-02-17 00:00:00','cars',2,1),(3211,178875,2008,'Scion xB','2021-02-17 00:00:00','cars',2,1),(14998,34970,2015,'Scion xB','2021-02-17 00:00:00','cars',2,1),(4785,168066,2008,'Scion xB','2021-02-17 00:00:00','cars',2,1),(7495,132000,2011,'Scion xB Base','2021-02-17 00:00:00','cars',2,1),(10590,87214,2013,'Scion xB','2021-02-17 00:00:00','truecar',3,1),(5990,176532,2014,'Scion xB','2021-02-17 00:00:00','truecar',3,1),(6288,112328,2009,'Scion xB','2021-02-17 00:00:00','truecar',3,1),(3211,178875,2008,'Scion xB','2021-02-17 00:00:00','truecar',3,1),(9195,94024,2014,'Scion xB','2021-02-17 00:00:00','truecar',3,1),(6495,133494,2012,'Scion xB','2021-02-17 00:00:00','truecar',3,1),(9329,104759,2015,'Scion xB','2021-02-17 00:00:00','truecar',3,1),(6999,114396,2012,'Scion xB','2021-02-17 00:00:00','truecar',3,1),(12481,49851,2015,'Scion xB','2021-02-17 00:00:00','truecar',3,1),(4900,149002,2006,'Scion xB','2021-02-17 00:00:00','truecar',3,1),(10715,75102,2015,'Scion xB','2021-02-17 00:00:00','truecar',3,1),(6495,116347,2008,'Scion xB','2021-02-17 00:00:00','truecar',3,1),(6991,146609,2012,'Scion xB','2021-02-17 00:00:00','truecar',3,1),(7999,121438,2013,'Scion xB','2021-02-17 00:00:00','truecar',3,1),(6962,106210,2012,'Scion xB','2021-02-17 00:00:00','truecar',3,1),(8550,83226,2012,'Scion xB','2021-02-17 00:00:00','truecar',3,1),(11988,49235,2015,'Scion xB','2021-02-17 00:00:00','truecar',3,1),(9995,84972,2014,'Scion xB','2021-02-17 00:00:00','truecar',3,1),(10863,71360,2014,'Scion xB','2021-02-17 00:00:00','truecar',3,1),(11421,52545,2014,'Scion xB','2021-02-17 00:00:00','truecar',3,1),(13481,50209,2015,'Scion xB','2021-02-17 00:00:00','truecar',3,1),(6100,123274,2008,'Scion xB','2021-02-17 00:00:00','truecar',3,1),(10992,87325,2015,'Scion xB','2021-02-17 00:00:00','truecar',3,1),(7999,109651,2012,'Scion xB','2021-02-17 00:00:00','truecar',3,1),(11990,73816,2015,'Scion xB','2021-02-17 00:00:00','truecar',3,1),(10212,69300,2013,'Scion xB','2021-02-17 00:00:00','truecar',3,1),(7785,124786,2012,'Scion xB','2021-02-17 00:00:00','truecar',3,1),(6988,132894,2012,'Scion xB','2021-02-17 00:00:00','truecar',3,1),(9272,130068,2014,'Scion xB','2021-02-17 00:00:00','truecar',3,1),(6995,103569,2008,'Scion xB','2021-02-17 00:00:00','truecar',3,1),(9999,76716,2013,'Scion xB','2021-02-17 00:00:00','truecar',3,1),(11995,73441,2013,'Scion xB','2021-02-17 00:00:00','truecar',3,1),(11845,59140,2014,'Scion xB','2021-02-17 00:00:00','truecar',3,1),(6995,135749,2012,'Scion xB','2021-02-17 00:00:00','truecar',3,1),(10995,87590,2014,'Scion xB','2021-02-17 00:00:00','truecar',3,1),(13354,61192,2015,'Scion xB','2021-02-17 00:00:00','truecar',3,1),(10998,100134,2014,'Scion xB','2021-02-17 00:00:00','truecar',3,1),(10590,96221,2012,'Scion xB','2021-02-17 00:00:00','truecar',3,1),(10988,101440,2013,'Scion xB','2021-02-17 00:00:00','truecar',3,1),(12311,71487,2015,'Scion xB','2021-02-17 00:00:00','truecar',3,1),(11990,80581,2011,'Scion xB','2021-02-17 00:00:00','truecar',3,1),(13590,35552,2014,'Scion xB','2021-02-17 00:00:00','truecar',3,1),(7999,113206,2010,'Scion xB','2021-02-17 00:00:00','truecar',3,1),(12590,85446,2013,'Scion xB','2021-02-17 00:00:00','truecar',3,1),(8500,109076,2012,'Scion xB','2021-02-17 00:00:00','truecar',3,1),(7999,93761,2009,'Scion xB','2021-02-17 00:00:00','truecar',3,1),(10821,68958,2013,'Scion xB','2021-02-17 00:00:00','truecar',3,1),(7475,101236,2010,'Scion xB','2021-02-17 00:00:00','truecar',3,1),(7899,75636,2010,'Scion xB','2021-02-17 00:00:00','truecar',3,1),(7500,114822,2010,'Scion xB','2021-02-17 00:00:00','truecar',3,1),(8699,98929,2013,'Scion xB','2021-02-17 00:00:00','truecar',3,1),(10999,73263,2013,'Scion xB','2021-02-17 00:00:00','truecar',3,1),(8995,72070,2010,'Scion xB','2021-02-17 00:00:00','truecar',3,1),(7995,118150,2006,'Scion xB','2021-02-17 00:00:00','truecar',3,1),(8999,108213,2011,'Scion xB','2021-02-17 00:00:00','truecar',3,1),(7995,106009,2009,'Scion xB','2021-02-17 00:00:00','truecar',3,1),(8988,92102,2011,'Scion xB','2021-02-17 00:00:00','truecar',3,1),(14998,48361,2015,'Scion tC','2020-12-17 00:00:00','autotrader',1,2),(12890,77585,2015,'Scion tC','2020-12-17 00:00:00','autotrader',1,2),(13988,34748,2014,'Scion tC','2020-12-17 00:00:00','autotrader',1,2),(9990,64583,2013,'Scion tC','2020-12-17 00:00:00','autotrader',1,2),(10888,89073,2014,'Scion tC','2020-12-17 00:00:00','autotrader',1,2),(8898,74215,2011,'Scion tC','2020-12-17 00:00:00','autotrader',1,2),(12500,78488,2015,'Scion tC','2020-12-17 00:00:00','autotrader',1,2),(6988,121932,2007,'Scion tC Spec','2020-12-17 00:00:00','autotrader',1,2),(14992,41165,2016,'Scion tC','2020-12-17 00:00:00','autotrader',1,2),(16111,17371,2016,'Scion tC','2020-12-17 00:00:00','autotrader',1,2),(3991,132640,2005,'Scion tC','2020-12-17 00:00:00','autotrader',1,2),(13000,39946,2015,'Scion tC','2020-12-17 00:00:00','autotrader',1,2),(2500,273490,2007,'Scion tC Spec','2020-12-17 00:00:00','autotrader',1,2),(4600,177149,2010,'Scion tC','2020-12-17 00:00:00','autotrader',1,2),(10500,75028,2013,'Scion tC','2020-12-17 00:00:00','autotrader',1,2),(5555,122080,2007,'Scion tC','2020-12-17 00:00:00','autotrader',1,2),(7490,112243,2011,'Scion tC','2020-12-17 00:00:00','autotrader',1,2),(12795,63466,2014,'Scion tC','2020-12-17 00:00:00','autotrader',1,2),(11999,61618,2015,'Scion tC','2020-12-17 00:00:00','autotrader',1,2),(9000,100170,2013,'Scion tC','2020-12-17 00:00:00','autotrader',1,2),(14836,56315,2016,'Scion tC','2020-12-17 00:00:00','autotrader',1,2),(12996,50155,2014,'Scion tC Monogram Series','2020-12-17 00:00:00','autotrader',1,2),(5771,107085,2007,'Scion tC','2020-12-17 00:00:00','autotrader',1,2),(12992,59621,2014,'Scion tC','2020-12-17 00:00:00','autotrader',1,2),(10990,70478,2014,'Scion tC','2020-12-17 00:00:00','autotrader',1,2),(9700,79709,2012,'Scion tC','2020-12-17 00:00:00','autotrader',1,2),(14777,50049,2014,'Scion tC','2020-12-17 00:00:00','autotrader',1,2),(11982,81312,2014,'Scion tC','2020-12-17 00:00:00','autotrader',1,2),(12695,65036,2015,'Scion tC','2020-12-17 00:00:00','autotrader',1,2),(12959,43557,2013,'Scion tC','2020-12-17 00:00:00','autotrader',1,2),(11900,78159,2015,'Scion tC','2020-12-17 00:00:00','autotrader',1,2),(12795,66510,2015,'Scion tC','2020-12-17 00:00:00','autotrader',1,2),(4995,146205,2008,'Scion tC','2020-12-17 00:00:00','autotrader',1,2),(13994,38843,2015,'Scion tC','2020-12-17 00:00:00','autotrader',1,2),(12495,63264,2013,'Scion tC','2020-12-17 00:00:00','autotrader',1,2),(5900,128000,2010,'Scion tC','2020-12-17 00:00:00','autotrader',1,2),(8995,92464,2012,'Scion tC','2020-12-17 00:00:00','autotrader',1,2),(9977,110310,2014,'Scion tC','2020-12-17 00:00:00','autotrader',1,2),(9000,118418,2012,'Scion tC','2020-12-17 00:00:00','autotrader',1,2),(10341,99385,2014,'Scion tC 10 Series','2020-12-17 00:00:00','autotrader',1,2),(13995,69026,2013,'Scion tC','2020-12-17 00:00:00','autotrader',1,2),(15444,57921,2015,'Scion tC','2020-12-17 00:00:00','autotrader',1,2),(4450,126175,2007,'Scion tC','2020-12-17 00:00:00','autotrader',1,2),(14993,75334,2016,'Scion tC','2020-12-17 00:00:00','autotrader',1,2),(8765,110270,2012,'Scion tC Release Series 7.0','2020-12-17 00:00:00','autotrader',1,2),(12597,35372,2015,'Scion tC','2020-12-17 00:00:00','autotrader',1,2),(10997,77285,2014,'Scion tC','2020-12-17 00:00:00','autotrader',1,2),(5492,121229,2007,'Scion tC Spec','2020-12-17 00:00:00','autotrader',1,2),(13150,51842,2016,'Scion tC','2020-12-17 00:00:00','autotrader',1,2),(6150,103185,2007,'Scion tC','2020-12-17 00:00:00','autotrader',1,2),(5995,111511,2009,'Scion tC','2020-12-17 00:00:00','autotrader',1,2),(3777,153000,2009,'Scion tC','2020-12-17 00:00:00','autotrader',1,2),(5988,77550,2006,'Scion tC','2020-12-17 00:00:00','autotrader',1,2),(4991,128792,2006,'Scion tC','2020-12-17 00:00:00','autotrader',1,2),(10999,93741,2013,'Scion tC','2020-12-17 00:00:00','autotrader',1,2),(4900,121804,2010,'Scion tC','2020-12-17 00:00:00','autotrader',1,2),(12999,70545,2015,'Scion tC','2020-12-17 00:00:00','autotrader',1,2),(4488,142832,2007,'Scion tC','2020-12-17 00:00:00','autotrader',1,2),(10999,89755,2011,'Scion tC','2020-12-17 00:00:00','autotrader',1,2),(8911,197536,2015,'Scion tC','2020-12-17 00:00:00','autotrader',1,2),(9988,132027,2007,'Scion tC','2020-12-17 00:00:00','autotrader',1,2),(6900,137111,2008,'Scion tC','2020-12-17 00:00:00','autotrader',1,2),(4695,141700,2009,'Scion tC','2020-12-17 00:00:00','autotrader',1,2),(14195,49503,2015,'Scion tC','2020-12-17 00:00:00','autotrader',1,2),(5995,152075,2006,'Scion tC','2020-12-17 00:00:00','autotrader',1,2),(5995,112904,2005,'Scion tC','2020-12-17 00:00:00','autotrader',1,2),(6291,116951,2009,'Scion tC','2020-12-17 00:00:00','autotrader',1,2),(6499,103485,2006,'Scion tC','2020-12-17 00:00:00','autotrader',1,2),(9999,110300,2013,'Scion tC','2020-12-17 00:00:00','autotrader',1,2),(9777,111272,2013,'Scion tC','2020-12-17 00:00:00','autotrader',1,2),(11333,97487,2014,'Scion tC','2020-12-17 00:00:00','autotrader',1,2),(10999,109703,2014,'Scion tC','2020-12-17 00:00:00','autotrader',1,2),(14995,26588,2016,'Scion tC','2020-12-17 00:00:00','autotrader',1,2),(11499,78850,2012,'Scion tC','2020-12-17 00:00:00','autotrader',1,2),(8999,95638,2010,'Scion tC','2020-12-17 00:00:00','autotrader',1,2),(7988,112000,2013,'Scion tC','2020-12-17 00:00:00','autotrader',1,2),(12598,78000,2014,'Scion tC','2020-12-17 00:00:00','autotrader',1,2),(7999,105881,2015,'Scion tC','2020-12-17 00:00:00','autotrader',1,2),(5888,110438,2007,'Scion tC Spec','2020-12-17 00:00:00','autotrader',1,2),(10995,110099,2015,'Scion tC','2020-12-17 00:00:00','autotrader',1,2),(4977,133723,2009,'Scion tC','2020-12-17 00:00:00','autotrader',1,2),(5977,146813,2006,'Scion tC','2020-12-17 00:00:00','autotrader',1,2),(11300,63003,2013,'Scion tC','2020-12-17 00:00:00','autotrader',1,2),(9999,144705,2012,'Scion tC','2020-12-17 00:00:00','autotrader',1,2),(3990,158000,2007,'Scion tC','2020-12-17 00:00:00','autotrader',1,2),(14995,73738,2014,'Scion tC','2020-12-17 00:00:00','autotrader',1,2),(6500,115307,2007,'Scion tC','2020-12-17 00:00:00','autotrader',1,2),(9500,100658,2016,'Scion tC','2020-12-17 00:00:00','autotrader',1,2),(9995,95709,2014,'Scion tC','2020-12-17 00:00:00','autotrader',1,2),(6995,132694,2010,'Scion tC','2020-12-17 00:00:00','autotrader',1,2),(7995,125941,2013,'Scion tC','2020-12-17 00:00:00','autotrader',1,2),(12500,84690,2014,'Scion tC','2020-12-17 00:00:00','autotrader',1,2),(9995,90005,2012,'Scion tC','2020-12-17 00:00:00','autotrader',1,2),(11500,74087,2015,'Scion tC','2020-12-17 00:00:00','autotrader',1,2),(9999,73933,2011,'Scion tC','2020-12-17 00:00:00','autotrader',1,2),(11991,90573,2015,'Scion tC','2020-12-17 00:00:00','autotrader',1,2),(7998,59232,2008,'Scion tC','2020-12-17 00:00:00','autotrader',1,2),(8495,125892,2012,'Scion tC','2020-12-17 00:00:00','autotrader',1,2),(15929,56545,2016,'Scion tC','2020-12-17 00:00:00','autotrader',1,2),(9999,113020,2013,'Scion tC','2020-12-17 00:00:00','autotrader',1,2),(6599,152699,2009,'Scion tC','2020-12-17 00:00:00','autotrader',1,2),(5991,139346,2008,'Scion tC','2020-12-17 00:00:00','autotrader',1,2),(9500,112159,2013,'Scion tC','2020-12-17 00:00:00','autotrader',1,2),(11498,83898,2012,'Scion tC','2020-12-17 00:00:00','autotrader',1,2),(14988,85574,2015,'Scion tC','2020-12-17 00:00:00','autotrader',1,2),(7999,166712,2009,'Scion tC','2020-12-17 00:00:00','autotrader',1,2),(4995,144613,2005,'Scion tC','2020-12-17 00:00:00','autotrader',1,2),(7999,138556,2011,'Scion tC','2020-12-17 00:00:00','autotrader',1,2),(12995,79733,2014,'Scion tC','2020-12-17 00:00:00','autotrader',1,2),(6499,132513,2008,'Scion tC','2020-12-17 00:00:00','autotrader',1,2),(5499,130586,2008,'Scion tC','2020-12-17 00:00:00','autotrader',1,2),(8995,170918,2013,'Scion tC','2020-12-17 00:00:00','autotrader',1,2),(14983,28703,2016,'Scion tC','2020-12-17 00:00:00','autotrader',1,2),(11750,104802,2014,'Scion tC','2020-12-17 00:00:00','cars',2,2),(13988,34748,2014,'Scion tC','2020-12-17 00:00:00','cars',2,2),(9700,79709,2012,'Scion tC Base','2020-12-17 00:00:00','cars',2,2),(8898,74215,2011,'Scion tC Base','2020-12-17 00:00:00','cars',2,2),(12500,78488,2015,'Scion tC Base','2020-12-17 00:00:00','cars',2,2),(9999,113710,2011,'Scion tC Base','2020-12-17 00:00:00','cars',2,2),(9990,64583,2013,'Scion tC','2020-12-17 00:00:00','cars',2,2),(10995,110099,2015,'Scion tC Base','2020-12-17 00:00:00','cars',2,2),(7995,129026,2012,'Scion tC Base','2020-12-17 00:00:00','cars',2,2),(10590,76995,2012,'Scion tC','2020-12-17 00:00:00','cars',2,2),(12990,77440,2015,'Scion tC','2020-12-17 00:00:00','cars',2,2),(16990,4509,2015,'Scion tC','2020-12-17 00:00:00','cars',2,2),(3777,153000,2009,'Scion tC','2020-12-17 00:00:00','cars',2,2),(4600,177149,2010,'Scion tC','2020-12-17 00:00:00','cars',2,2),(2500,273490,2007,'Scion tC Base','2020-12-17 00:00:00','cars',2,2),(9195,126342,2011,'Scion tC Base','2020-12-17 00:00:00','cars',2,2),(6495,117932,2010,'Scion tC','2020-12-17 00:00:00','cars',2,2),(6850,97303,2008,'Scion tC','2020-12-17 00:00:00','cars',2,2),(10890,84601,2014,'Scion tC','2020-12-17 00:00:00','cars',2,2),(12990,92447,2014,'Scion tC Monogram','2020-12-17 00:00:00','cars',2,2),(12500,89416,2016,'Scion tC Base','2020-12-17 00:00:00','cars',2,2),(6150,103185,2007,'Scion tC Base','2020-12-17 00:00:00','cars',2,2),(12597,35372,2015,'Scion tC','2020-12-17 00:00:00','cars',2,2),(9500,100658,2016,'Scion tC Base','2020-12-17 00:00:00','cars',2,2),(13333,107435,2015,'Scion tC 2.5L','2020-12-17 00:00:00','cars',2,2),(5888,110438,2007,'Scion tC Base','2020-12-17 00:00:00','cars',2,2),(6988,121932,2007,'Scion tC Base','2020-12-17 00:00:00','cars',2,2),(14995,26588,2016,'Scion tC Base','2020-12-17 00:00:00','cars',2,2),(8911,197536,2015,'Scion tC','2020-12-17 00:00:00','cars',2,2),(7995,125941,2013,'Scion tC Base','2020-12-17 00:00:00','cars',2,2),(16111,17371,2016,'Scion tC Base','2020-12-17 00:00:00','cars',2,2),(10500,75028,2013,'Scion tC Base','2020-12-17 00:00:00','cars',2,2),(11900,78159,2015,'Scion tC Base','2020-12-17 00:00:00','cars',2,2),(14990,43219,2015,'Scion tC','2020-12-17 00:00:00','cars',2,2),(15990,20970,2015,'Scion tC','2020-12-17 00:00:00','cars',2,2),(8999,135708,2013,'Scion tC','2020-12-17 00:00:00','cars',2,2),(5995,111511,2009,'Scion tC','2020-12-17 00:00:00','cars',2,2),(11999,61618,2015,'Scion tC','2020-12-17 00:00:00','cars',2,2),(15444,57921,2015,'Scion tC Base','2020-12-17 00:00:00','cars',2,2),(14998,59801,2014,'Scion tC Monogram','2020-12-17 00:00:00','cars',2,2),(9999,110300,2013,'Scion tC Base','2020-12-17 00:00:00','cars',2,2),(12088,86583,2015,'Scion tC Base','2020-12-17 00:00:00','cars',2,2),(11777,98065,2015,'Scion tC','2020-12-17 00:00:00','cars',2,2),(5905,188304,2007,'Scion tC Base','2020-12-17 00:00:00','cars',2,2),(12500,60342,2013,'Scion tC','2020-12-17 00:00:00','cars',2,2),(10995,95324,2012,'Scion tC','2020-12-17 00:00:00','cars',2,2),(8765,110270,2012,'Scion tC Release Series 7.0','2020-12-17 00:00:00','cars',2,2),(9777,111272,2013,'Scion tC','2020-12-17 00:00:00','cars',2,2),(5995,112904,2005,'Scion tC','2020-12-17 00:00:00','cars',2,2),(11300,63003,2013,'Scion tC','2020-12-17 00:00:00','cars',2,2),(11991,90573,2015,'Scion tC','2020-12-17 00:00:00','cars',2,2),(9500,112159,2013,'Scion tC','2020-12-17 00:00:00','cars',2,2),(11982,81312,2014,'Scion tC','2020-12-17 00:00:00','cars',2,2),(7988,112000,2013,'Scion tC SPORTS 6-SPD','2020-12-17 00:00:00','cars',2,2),(14599,70454,2015,'Scion tC','2020-12-17 00:00:00','cars',2,2),(5000,171936,2008,'Scion tC','2020-12-17 00:00:00','cars',2,2),(12991,66460,2014,'Scion tC','2020-12-17 00:00:00','cars',2,2),(8999,95638,2010,'Scion tC','2020-12-17 00:00:00','cars',2,2),(5900,128000,2010,'Scion tC','2020-12-17 00:00:00','cars',2,2),(14836,56315,2016,'Scion tC Base','2020-12-17 00:00:00','cars',2,2),(10950,90932,2014,'Scion tC Monogram','2020-12-17 00:00:00','cars',2,2),(13150,51842,2016,'Scion tC Base','2020-12-17 00:00:00','cars',2,2),(12996,50155,2014,'Scion tC Monogram','2020-12-17 00:00:00','cars',2,2),(6985,47213,2008,'Scion tC','2020-12-17 00:00:00','cars',2,2),(12992,59621,2014,'Scion tC','2020-12-17 00:00:00','cars',2,2),(7999,138556,2011,'Scion tC Base','2020-12-17 00:00:00','cars',2,2),(6599,152699,2009,'Scion tC','2020-12-17 00:00:00','cars',2,2),(12999,70545,2015,'Scion tC Release Series 9.0','2020-12-17 00:00:00','cars',2,2),(6291,116951,2009,'Scion tC','2020-12-17 00:00:00','cars',2,2),(4991,128792,2006,'Scion tC','2020-12-17 00:00:00','cars',2,2),(9999,78650,2014,'Scion tC','2020-12-17 00:00:00','cars',2,2),(9988,132027,2007,'Scion tC Base','2020-12-17 00:00:00','cars',2,2),(14595,50803,2015,'Scion tC Base','2020-12-17 00:00:00','cars',2,2),(12598,78000,2014,'Scion tC Anniversary Edition','2020-12-17 00:00:00','cars',2,2),(7999,105881,2015,'Scion tC SPORTS 6-SPD','2020-12-17 00:00:00','cars',2,2),(11333,97487,2014,'Scion tC','2020-12-17 00:00:00','cars',2,2),(14988,85574,2015,'Scion tC 9.0','2020-12-17 00:00:00','cars',2,2),(14998,52538,2015,'Scion tC','2020-12-17 00:00:00','cars',2,2),(8495,125892,2012,'Scion tC Base','2020-12-17 00:00:00','cars',2,2),(5990,131271,2009,'Scion tC','2020-12-17 00:00:00','cars',2,2),(11995,45000,2015,'Scion tC','2020-12-17 00:00:00','cars',2,2),(12998,90323,2014,'Scion tC','2020-12-17 00:00:00','cars',2,2),(14998,48361,2015,'Scion tC','2020-12-17 00:00:00','cars',2,2),(6950,131037,2007,'Scion tC Base','2020-12-17 00:00:00','cars',2,2),(12998,59735,2011,'Scion tC Base','2020-12-17 00:00:00','cars',2,2),(11599,63206,2010,'Scion tC','2020-12-17 00:00:00','cars',2,2),(9998,117990,2012,'Scion tC','2020-12-17 00:00:00','cars',2,2),(11599,85559,2013,'Scion tC','2020-12-17 00:00:00','cars',2,2),(12590,48309,2012,'Scion tC','2020-12-17 00:00:00','cars',2,2),(13990,42268,2013,'Scion tC','2020-12-17 00:00:00','cars',2,2),(12590,78109,2012,'Scion tC','2020-12-17 00:00:00','cars',2,2),(12590,79818,2014,'Scion tC 10 Series','2020-12-17 00:00:00','cars',2,2),(10995,74562,2012,'Scion tC','2020-12-17 00:00:00','cars',2,2),(4995,144613,2005,'Scion tC','2020-12-17 00:00:00','cars',2,2),(13990,71816,2015,'Scion tC','2020-12-17 00:00:00','cars',2,2),(5492,121229,2007,'Scion tC Base','2020-12-17 00:00:00','cars',2,2),(11288,83245,2015,'Scion tC Base','2020-12-17 00:00:00','cars',2,2),(11590,72567,2013,'Scion tC','2020-12-17 00:00:00','cars',2,2),(12990,100440,2015,'Scion tC','2020-12-17 00:00:00','cars',2,2),(7998,145044,2008,'Scion tC','2020-12-17 00:00:00','cars',2,2),(12995,79733,2014,'Scion tC Base','2020-12-17 00:00:00','cars',2,2),(5771,107085,2007,'Scion tC Base','2020-12-17 00:00:00','cars',2,2),(4995,117925,2007,'Scion tC Base','2020-12-17 00:00:00','cars',2,2),(8995,170918,2013,'Scion tC','2020-12-17 00:00:00','cars',2,2),(11500,74087,2015,'Scion tC Base','2020-12-17 00:00:00','cars',2,2),(10590,76995,2012,'Scion tC','2020-12-17 00:00:00','truecar',3,2),(7999,85624,2013,'Scion tC','2020-12-17 00:00:00','truecar',3,2),(4500,174831,2009,'Scion tC','2020-12-17 00:00:00','truecar',3,2),(9990,64583,2013,'Scion tC','2020-12-17 00:00:00','truecar',3,2),(11450,62158,2015,'Scion tC','2020-12-17 00:00:00','truecar',3,2),(8898,74215,2011,'Scion tC','2020-12-17 00:00:00','truecar',3,2),(8649,90114,2013,'Scion tC','2020-12-17 00:00:00','truecar',3,2),(9500,100658,2016,'Scion tC','2020-12-17 00:00:00','truecar',3,2),(10990,63755,2011,'Scion tC','2020-12-17 00:00:00','truecar',3,2),(9993,107650,2015,'Scion tC','2020-12-17 00:00:00','truecar',3,2),(7995,129026,2012,'Scion tC','2020-12-17 00:00:00','truecar',3,2),(10888,89073,2014,'Scion tC','2020-12-17 00:00:00','truecar',3,2),(6499,147698,2013,'Scion tC','2020-12-17 00:00:00','truecar',3,2),(12995,62345,2016,'Scion tC','2020-12-17 00:00:00','truecar',3,2),(12990,77440,2015,'Scion tC','2020-12-17 00:00:00','truecar',3,2),(11900,78159,2015,'Scion tC','2020-12-17 00:00:00','truecar',3,2),(13988,34748,2014,'Scion tC','2020-12-17 00:00:00','truecar',3,2),(8888,103744,2013,'Scion tC','2020-12-17 00:00:00','truecar',3,2),(12499,54524,2015,'Scion tC','2020-12-17 00:00:00','truecar',3,2),(11995,72925,2016,'Scion tC','2020-12-17 00:00:00','truecar',3,2),(4450,126175,2007,'Scion tC','2020-12-17 00:00:00','truecar',3,2),(7999,105881,2015,'Scion tC','2020-12-17 00:00:00','truecar',3,2),(4995,144613,2005,'Scion tC','2020-12-17 00:00:00','truecar',3,2),(5988,77550,2006,'Scion tC','2020-12-17 00:00:00','truecar',3,2),(4995,117925,2007,'Scion tC','2020-12-17 00:00:00','truecar',3,2),(6999,135450,2012,'Scion tC','2020-12-17 00:00:00','truecar',3,2),(7995,125941,2013,'Scion tC','2020-12-17 00:00:00','truecar',3,2),(13000,39946,2015,'Scion tC','2020-12-17 00:00:00','truecar',3,2),(3777,153000,2009,'Scion tC','2020-12-17 00:00:00','truecar',3,2),(12590,79818,2014,'Scion tC','2020-12-17 00:00:00','truecar',3,2),(11300,63003,2013,'Scion tC','2020-12-17 00:00:00','truecar',3,2),(10500,75028,2013,'Scion tC','2020-12-17 00:00:00','truecar',3,2),(7250,75720,2006,'Scion tC','2020-12-17 00:00:00','truecar',3,2),(9700,79709,2012,'Scion tC','2020-12-17 00:00:00','truecar',3,2),(10341,99385,2014,'Scion tC','2020-12-17 00:00:00','truecar',3,2),(11991,90573,2015,'Scion tC','2020-12-17 00:00:00','truecar',3,2),(12597,35372,2015,'Scion tC','2020-12-17 00:00:00','truecar',3,2),(10995,110099,2015,'Scion tC','2020-12-17 00:00:00','truecar',3,2),(14995,26588,2016,'Scion tC','2020-12-17 00:00:00','truecar',3,2),(12500,78488,2015,'Scion tC','2020-12-17 00:00:00','truecar',3,2),(13995,66381,2016,'Scion tC','2020-12-17 00:00:00','truecar',3,2),(14983,28703,2016,'Scion tC','2020-12-17 00:00:00','truecar',3,2),(12999,70545,2015,'Scion tC','2020-12-17 00:00:00','truecar',3,2),(6495,117932,2010,'Scion tC','2020-12-17 00:00:00','truecar',3,2),(13590,64210,2014,'Scion tC','2020-12-17 00:00:00','truecar',3,2),(8911,197536,2015,'Scion tC','2020-12-17 00:00:00','truecar',3,2),(8495,80936,2011,'Scion tC','2020-12-17 00:00:00','truecar',3,2),(16111,17371,2016,'Scion tC','2020-12-17 00:00:00','truecar',3,2),(13990,61345,2015,'Scion tC','2020-12-17 00:00:00','truecar',3,2),(8980,167072,2013,'Scion tC','2020-12-17 00:00:00','truecar',3,2),(12140,77585,2015,'Scion tC','2020-12-17 00:00:00','truecar',3,2),(13990,42268,2013,'Scion tC','2020-12-17 00:00:00','truecar',3,2),(11590,72567,2013,'Scion tC','2020-12-17 00:00:00','truecar',3,2),(11990,65960,2013,'Scion tC','2020-12-17 00:00:00','truecar',3,2),(12590,48309,2012,'Scion tC','2020-12-17 00:00:00','truecar',3,2),(14300,56463,2016,'Scion tC','2020-12-17 00:00:00','truecar',3,2),(11995,45000,2015,'Scion tC','2020-12-17 00:00:00','truecar',3,2),(7000,101074,2008,'Scion tC','2020-12-17 00:00:00','truecar',3,2),(9500,112159,2013,'Scion tC','2020-12-17 00:00:00','truecar',3,2),(9000,100170,2013,'Scion tC','2020-12-17 00:00:00','truecar',3,2),(6291,116951,2009,'Scion tC','2020-12-17 00:00:00','truecar',3,2),(4900,129589,2008,'Scion tC','2020-12-17 00:00:00','truecar',3,2),(12990,92447,2014,'Scion tC','2020-12-17 00:00:00','truecar',3,2),(11750,104802,2014,'Scion tC','2020-12-17 00:00:00','truecar',3,2),(11590,89336,2012,'Scion tC','2020-12-17 00:00:00','truecar',3,2),(5555,122080,2007,'Scion tC','2020-12-17 00:00:00','truecar',3,2),(14999,32622,2016,'Scion tC','2020-12-17 00:00:00','truecar',3,2),(5492,121229,2007,'Scion tC','2020-12-17 00:00:00','truecar',3,2),(11990,96119,2013,'Scion tC','2020-12-17 00:00:00','truecar',3,2),(14995,43355,2016,'Scion tC','2020-12-17 00:00:00','truecar',3,2),(8495,125892,2012,'Scion tC','2020-12-17 00:00:00','truecar',3,2),(11988,50254,2013,'Scion tC','2020-12-17 00:00:00','truecar',3,2),(12750,66942,2015,'Scion tC','2020-12-17 00:00:00','truecar',3,2),(14777,50049,2014,'Scion tC','2020-12-17 00:00:00','truecar',3,2),(11895,63989,2013,'Scion tC','2020-12-17 00:00:00','truecar',3,2),(13333,107435,2015,'Scion tC','2020-12-17 00:00:00','truecar',3,2),(9195,126342,2011,'Scion tC','2020-12-17 00:00:00','truecar',3,2),(12749,78228,2014,'Scion tC','2020-12-17 00:00:00','truecar',3,2),(5900,128000,2010,'Scion tC','2020-12-17 00:00:00','truecar',3,2),(14836,56315,2016,'Scion tC','2020-12-17 00:00:00','truecar',3,2),(10787,93197,2013,'Scion tC','2020-12-17 00:00:00','truecar',3,2),(8295,121000,2012,'Scion tC','2020-12-17 00:00:00','truecar',3,2),(12598,78000,2014,'Scion tC','2020-12-17 00:00:00','truecar',3,2),(8999,135708,2013,'Scion tC','2020-12-17 00:00:00','truecar',3,2),(6150,103185,2007,'Scion tC','2020-12-17 00:00:00','truecar',3,2),(11333,97487,2014,'Scion tC','2020-12-17 00:00:00','truecar',3,2),(14995,73738,2014,'Scion tC','2020-12-17 00:00:00','truecar',3,2),(9377,134621,2012,'Scion tC','2020-12-17 00:00:00','truecar',3,2),(6950,131037,2007,'Scion tC','2020-12-17 00:00:00','truecar',3,2),(7999,138556,2011,'Scion tC','2020-12-17 00:00:00','truecar',3,2),(10999,93741,2013,'Scion tC','2020-12-17 00:00:00','truecar',3,2),(8700,122404,2011,'Scion tC','2020-12-17 00:00:00','truecar',3,2),(14395,82542,2015,'Scion tC','2020-12-17 00:00:00','truecar',3,2),(14595,50803,2015,'Scion tC','2020-12-17 00:00:00','truecar',3,2),(6988,121932,2007,'Scion tC','2020-12-17 00:00:00','truecar',3,2),(12995,79733,2014,'Scion tC','2020-12-17 00:00:00','truecar',3,2),(12500,60342,2013,'Scion tC','2020-12-17 00:00:00','truecar',3,2),(13999,47583,2014,'Scion tC','2020-12-17 00:00:00','truecar',3,2),(8998,96771,2013,'Scion tC','2020-12-17 00:00:00','truecar',3,2),(5995,112904,2005,'Scion tC','2020-12-17 00:00:00','truecar',3,2),(10995,95324,2012,'Scion tC','2020-12-17 00:00:00','truecar',3,2),(11499,78850,2012,'Scion tC','2020-12-17 00:00:00','truecar',3,2),(10995,74562,2012,'Scion tC','2020-12-17 00:00:00','truecar',3,2),(9999,110308,2013,'Scion tC','2020-12-17 00:00:00','truecar',3,2),(10999,109703,2014,'Scion tC','2020-12-17 00:00:00','truecar',3,2),(6599,152699,2009,'Scion tC','2020-12-17 00:00:00','truecar',3,2),(6995,129283,2009,'Scion tC','2020-12-17 00:00:00','truecar',3,2),(5991,139346,2008,'Scion tC','2020-12-17 00:00:00','truecar',3,2),(16000,46818,2016,'Scion tC','2020-12-17 00:00:00','truecar',3,2),(12991,66460,2014,'Scion tC','2020-12-17 00:00:00','truecar',3,2),(12950,72577,2015,'Scion tC','2020-12-17 00:00:00','truecar',3,2),(9999,113020,2013,'Scion tC','2020-12-17 00:00:00','truecar',3,2),(9988,132027,2007,'Scion tC','2020-12-17 00:00:00','truecar',3,2),(9995,90005,2012,'Scion tC','2020-12-17 00:00:00','truecar',3,2),(5595,151675,2008,'Scion tC','2020-12-17 00:00:00','truecar',3,2),(10998,99116,2013,'Scion tC','2020-12-17 00:00:00','truecar',3,2),(11105,84506,2015,'Scion tC','2021-01-28 00:00:00','autotrader',1,2),(11800,72333,2015,'Scion tC','2021-01-28 00:00:00','autotrader',1,2),(12888,62303,2015,'Scion tC','2021-01-28 00:00:00','autotrader',1,2),(11892,83173,2015,'Scion tC','2021-01-28 00:00:00','autotrader',1,2),(11992,73684,2016,'Scion tC','2021-01-28 00:00:00','autotrader',1,2),(4800,153025,2008,'Scion tC','2021-01-28 00:00:00','autotrader',1,2),(9499,122665,2014,'Scion tC','2021-01-28 00:00:00','autotrader',1,2),(11688,70087,2014,'Scion tC','2021-01-28 00:00:00','autotrader',1,2),(12888,66370,2016,'Scion tC','2021-01-28 00:00:00','autotrader',1,2),(11798,78451,2014,'Scion tC 10 Series','2021-01-28 00:00:00','autotrader',1,2),(7888,131389,2012,'Scion tC','2021-01-28 00:00:00','autotrader',1,2),(10687,85271,2014,'Scion tC','2021-01-28 00:00:00','autotrader',1,2),(13500,57108,2014,'Scion tC','2021-01-28 00:00:00','autotrader',1,2),(11331,81314,2014,'Scion tC','2021-01-28 00:00:00','autotrader',1,2),(4995,137798,2006,'Scion tC','2021-01-28 00:00:00','autotrader',1,2),(11219,99748,2015,'Scion tC','2021-01-28 00:00:00','autotrader',1,2),(8675,128265,2013,'Scion tC','2021-01-28 00:00:00','autotrader',1,2),(12895,66812,2015,'Scion tC','2021-01-28 00:00:00','autotrader',1,2),(14998,46256,2014,'Scion tC','2021-01-28 00:00:00','autotrader',1,2),(13990,46628,2014,'Scion tC','2021-01-28 00:00:00','autotrader',1,2),(11675,82536,2014,'Scion tC','2021-01-28 00:00:00','autotrader',1,2),(4760,203111,2007,'Scion tC','2021-01-28 00:00:00','autotrader',1,2),(11987,116018,2015,'Scion tC','2021-01-28 00:00:00','autotrader',1,2),(5995,135633,2008,'Scion tC Spec','2021-01-28 00:00:00','autotrader',1,2),(8300,72000,2015,'Scion tC','2021-01-28 00:00:00','autotrader',1,2),(10433,84395,2014,'Scion tC','2021-01-28 00:00:00','autotrader',1,2),(3900,103595,2008,'Scion tC','2021-01-28 00:00:00','autotrader',1,2),(8497,113218,2013,'Scion tC','2021-01-28 00:00:00','autotrader',1,2),(6995,113435,2008,'Scion tC','2021-01-28 00:00:00','autotrader',1,2),(9995,93978,2013,'Scion tC','2021-01-28 00:00:00','autotrader',1,2),(4999,78258,2005,'Scion tC','2021-01-28 00:00:00','autotrader',1,2),(12995,49364,2013,'Scion tC','2021-01-28 00:00:00','autotrader',1,2),(13499,47553,2014,'Scion tC Monogram Series','2021-01-28 00:00:00','autotrader',1,2),(8595,60998,2010,'Scion tC','2021-01-28 00:00:00','autotrader',1,2),(14995,44887,2014,'Scion tC Monogram Series','2021-01-28 00:00:00','autotrader',1,2),(6900,75750,2009,'Scion tC','2021-01-28 00:00:00','autotrader',1,2),(4796,138919,2005,'Scion tC','2021-01-28 00:00:00','autotrader',1,2),(13999,89678,2015,'Scion tC','2021-01-28 00:00:00','autotrader',1,2),(6200,121906,2010,'Scion tC','2021-01-28 00:00:00','autotrader',1,2),(9497,109649,2010,'Scion tC','2021-01-28 00:00:00','autotrader',1,2),(6900,99260,2006,'Scion tC','2021-01-28 00:00:00','autotrader',1,2),(6495,127494,2007,'Scion tC','2021-01-28 00:00:00','autotrader',1,2),(8999,96035,2010,'Scion tC','2021-01-28 00:00:00','autotrader',1,2),(6995,89532,2008,'Scion tC','2021-01-28 00:00:00','autotrader',1,2),(4250,198325,2005,'Scion tC','2021-01-28 00:00:00','autotrader',1,2),(7800,112702,2012,'Scion tC','2021-01-28 00:00:00','autotrader',1,2),(9995,91097,2013,'Scion tC','2021-01-28 00:00:00','autotrader',1,2),(10793,88516,2013,'Scion tC','2021-01-28 00:00:00','autotrader',1,2),(12879,55190,2015,'Scion tC','2021-01-28 00:00:00','autotrader',1,2),(13995,61938,2015,'Scion tC','2021-01-28 00:00:00','autotrader',1,2),(16995,31467,2015,'Scion tC','2021-01-28 00:00:00','autotrader',1,2),(13988,85585,2015,'Scion tC','2021-01-28 00:00:00','autotrader',1,2),(7988,83576,2013,'Scion tC Release Series 8.0','2021-01-28 00:00:00','autotrader',1,2),(5499,117514,2006,'Scion tC','2021-01-28 00:00:00','autotrader',1,2),(11995,64307,2014,'Scion tC','2021-01-28 00:00:00','autotrader',1,2),(11994,100139,2015,'Scion tC','2021-01-28 00:00:00','autotrader',1,2),(7985,150184,2012,'Scion tC','2021-01-28 00:00:00','autotrader',1,2),(9495,91011,2011,'Scion tC','2021-01-28 00:00:00','autotrader',1,2),(10695,98659,2013,'Scion tC','2021-01-28 00:00:00','autotrader',1,2),(3986,129421,2009,'Scion tC','2021-01-28 00:00:00','autotrader',1,2),(6950,138028,2013,'Scion tC','2021-01-28 00:00:00','autotrader',1,2),(4995,131654,2006,'Scion tC','2021-01-28 00:00:00','autotrader',1,2),(15995,44520,2015,'Scion tC','2021-01-28 00:00:00','autotrader',1,2),(15998,39850,2016,'Scion tC Base','2021-01-28 00:00:00','cars',2,2),(7988,83576,2013,'Scion tC Release Series 8.0','2021-01-28 00:00:00','cars',2,2),(14995,40515,2016,'Scion tC Base','2021-01-28 00:00:00','cars',2,2),(11590,88104,2015,'Scion tC','2021-01-28 00:00:00','cars',2,2),(11990,72762,2013,'Scion tC','2021-01-28 00:00:00','cars',2,2),(13590,36584,2012,'Scion tC Release Series 7.0','2021-01-28 00:00:00','cars',2,2),(10990,48965,2012,'Scion tC','2021-01-28 00:00:00','cars',2,2),(4800,153025,2008,'Scion tC','2021-01-28 00:00:00','cars',2,2),(4500,138120,2009,'Scion tC','2021-01-28 00:00:00','cars',2,2),(10590,104072,2012,'Scion tC','2021-01-28 00:00:00','cars',2,2),(11990,50625,2010,'Scion tC','2021-01-28 00:00:00','cars',2,2),(12590,54189,2011,'Scion tC Base','2021-01-28 00:00:00','cars',2,2),(13599,89949,2016,'Scion tC Base','2021-01-28 00:00:00','cars',2,2),(5495,124018,2007,'Scion tC Base','2021-01-28 00:00:00','cars',2,2),(9499,122665,2014,'Scion tC Base','2021-01-28 00:00:00','cars',2,2),(7888,131389,2012,'Scion tC Base','2021-01-28 00:00:00','cars',2,2),(11800,72333,2015,'Scion tC Base','2021-01-28 00:00:00','cars',2,2),(11688,70087,2014,'Scion tC Base','2021-01-28 00:00:00','cars',2,2),(13499,47553,2014,'Scion tC Monogram','2021-01-28 00:00:00','cars',2,2),(4796,138919,2005,'Scion tC','2021-01-28 00:00:00','cars',2,2),(11590,83978,2013,'Scion tC','2021-01-28 00:00:00','cars',2,2),(11990,84910,2014,'Scion tC Monogram','2021-01-28 00:00:00','cars',2,2),(10990,86195,2013,'Scion tC','2021-01-28 00:00:00','cars',2,2),(10590,65960,2013,'Scion tC','2021-01-28 00:00:00','cars',2,2),(15590,36694,2013,'Scion tC Release Series 8.0','2021-01-28 00:00:00','cars',2,2),(13990,62051,2014,'Scion tC','2021-01-28 00:00:00','cars',2,2),(12990,20512,2012,'Scion tC','2021-01-28 00:00:00','cars',2,2),(13590,84897,2015,'Scion tC','2021-01-28 00:00:00','cars',2,2),(7995,120599,2011,'Scion tC Base','2021-01-28 00:00:00','cars',2,2),(6995,113435,2008,'Scion tC','2021-01-28 00:00:00','cars',2,2),(4760,203111,2007,'Scion tC Base','2021-01-28 00:00:00','cars',2,2),(8497,113218,2013,'Scion tC','2021-01-28 00:00:00','cars',2,2),(15998,44977,2015,'Scion tC','2021-01-28 00:00:00','cars',2,2),(15998,38973,2015,'Scion tC','2021-01-28 00:00:00','cars',2,2),(13500,57108,2014,'Scion tC','2021-01-28 00:00:00','cars',2,2),(15995,44520,2015,'Scion tC','2021-01-28 00:00:00','cars',2,2),(14995,59548,2016,'Scion tC Base','2021-01-28 00:00:00','cars',2,2),(11987,116018,2015,'Scion tC Base','2021-01-28 00:00:00','cars',2,2),(13990,46628,2014,'Scion tC','2021-01-28 00:00:00','cars',2,2),(15998,51008,2015,'Scion tC','2021-01-28 00:00:00','cars',2,2),(12888,66370,2016,'Scion tC Base','2021-01-28 00:00:00','cars',2,2),(6200,121906,2010,'Scion tC','2021-01-28 00:00:00','cars',2,2),(4999,78258,2005,'Scion tC','2021-01-28 00:00:00','cars',2,2),(12998,59737,2011,'Scion tC Base','2021-01-28 00:00:00','cars',2,2),(9495,91011,2011,'Scion tC Base','2021-01-28 00:00:00','cars',2,2),(11219,99748,2015,'Scion tC Base','2021-01-28 00:00:00','cars',2,2),(13599,56667,2014,'Scion tC','2021-01-28 00:00:00','cars',2,2),(10482,93741,2013,'Scion tC','2021-01-28 00:00:00','cars',2,2),(9495,94603,2011,'Scion tC Base','2021-01-28 00:00:00','cars',2,2),(12995,49364,2013,'Scion tC Base','2021-01-28 00:00:00','cars',2,2),(6995,129085,2010,'Scion tC','2021-01-28 00:00:00','cars',2,2),(6995,74267,2009,'Scion tC','2021-01-28 00:00:00','cars',2,2),(14988,85585,2015,'Scion tC 9.0','2021-01-28 00:00:00','cars',2,2),(10599,125789,2014,'Scion tC','2021-01-28 00:00:00','cars',2,2),(9995,93978,2013,'Scion tC SPORTS 6-SPD','2021-01-28 00:00:00','cars',2,2),(14998,46256,2014,'Scion tC','2021-01-28 00:00:00','cars',2,2),(11331,81314,2014,'Scion tC','2021-01-28 00:00:00','cars',2,2),(12395,63466,2014,'Scion tC','2021-01-28 00:00:00','cars',2,2),(11994,100139,2015,'Scion tC Base','2021-01-28 00:00:00','cars',2,2),(8675,128265,2013,'Scion tC','2021-01-28 00:00:00','cars',2,2),(10687,85271,2014,'Scion tC','2021-01-28 00:00:00','cars',2,2),(10433,84395,2014,'Scion tC Base','2021-01-28 00:00:00','cars',2,2),(6900,75750,2009,'Scion tC','2021-01-28 00:00:00','cars',2,2),(10999,99128,2013,'Scion tC','2021-01-28 00:00:00','cars',2,2),(8999,96035,2010,'Scion tC','2021-01-28 00:00:00','cars',2,2),(10793,88516,2013,'Scion tC Base','2021-01-28 00:00:00','cars',2,2),(13499,47553,2014,'Scion tC','2021-01-28 00:00:00','truecar',3,2),(10588,108803,2016,'Scion tC','2021-01-28 00:00:00','truecar',3,2),(4500,138120,2009,'Scion tC','2021-01-28 00:00:00','truecar',3,2),(7988,83576,2013,'Scion tC','2021-01-28 00:00:00','truecar',3,2),(6950,138028,2013,'Scion tC','2021-01-28 00:00:00','truecar',3,2),(7995,120599,2011,'Scion tC','2021-01-28 00:00:00','truecar',3,2),(4760,203111,2007,'Scion tC','2021-01-28 00:00:00','truecar',3,2),(4555,162849,2008,'Scion tC','2021-01-28 00:00:00','truecar',3,2),(11800,72333,2015,'Scion tC','2021-01-28 00:00:00','truecar',3,2),(8499,86567,2011,'Scion tC','2021-01-28 00:00:00','truecar',3,2),(11990,71816,2015,'Scion tC','2021-01-28 00:00:00','truecar',3,2),(6999,119093,2012,'Scion tC','2021-01-28 00:00:00','truecar',3,2),(10687,85271,2014,'Scion tC','2021-01-28 00:00:00','truecar',3,2),(9499,122665,2014,'Scion tC','2021-01-28 00:00:00','truecar',3,2),(9991,83955,2014,'Scion tC','2021-01-28 00:00:00','truecar',3,2),(11219,99748,2015,'Scion tC','2021-01-28 00:00:00','truecar',3,2),(4995,131654,2006,'Scion tC','2021-01-28 00:00:00','truecar',3,2),(12879,55190,2015,'Scion tC','2021-01-28 00:00:00','truecar',3,2),(7888,131389,2012,'Scion tC','2021-01-28 00:00:00','truecar',3,2),(6900,99260,2006,'Scion tC','2021-01-28 00:00:00','truecar',3,2),(4999,132389,2007,'Scion tC','2021-01-28 00:00:00','truecar',3,2),(11675,82536,2014,'Scion tC','2021-01-28 00:00:00','truecar',3,2),(11990,84910,2014,'Scion tC','2021-01-28 00:00:00','truecar',3,2),(10990,86195,2013,'Scion tC','2021-01-28 00:00:00','truecar',3,2),(11688,70087,2014,'Scion tC','2021-01-28 00:00:00','truecar',3,2),(10500,41587,2016,'Scion tC','2021-01-28 00:00:00','truecar',3,2),(12990,68940,2014,'Scion tC','2021-01-28 00:00:00','truecar',3,2),(9495,91011,2011,'Scion tC','2021-01-28 00:00:00','truecar',3,2),(13990,59618,2015,'Scion tC','2021-01-28 00:00:00','truecar',3,2),(11990,72762,2013,'Scion tC','2021-01-28 00:00:00','truecar',3,2),(9995,108350,2014,'Scion tC','2021-01-28 00:00:00','truecar',3,2),(13990,46628,2014,'Scion tC','2021-01-28 00:00:00','truecar',3,2),(12590,54189,2011,'Scion tC','2021-01-28 00:00:00','truecar',3,2),(11590,83978,2013,'Scion tC','2021-01-28 00:00:00','truecar',3,2),(9500,67749,2015,'Scion tC','2021-01-28 00:00:00','truecar',3,2),(10793,88516,2013,'Scion tC','2021-01-28 00:00:00','truecar',3,2),(13990,62051,2014,'Scion tC','2021-01-28 00:00:00','truecar',3,2),(13590,84897,2015,'Scion tC','2021-01-28 00:00:00','truecar',3,2),(10695,98659,2013,'Scion tC','2021-01-28 00:00:00','truecar',3,2),(9497,109649,2010,'Scion tC','2021-01-28 00:00:00','truecar',3,2),(13999,89678,2015,'Scion tC','2021-01-28 00:00:00','truecar',3,2),(14995,56689,2014,'Scion tC','2021-01-28 00:00:00','truecar',3,2),(13995,61938,2015,'Scion tC','2021-01-28 00:00:00','truecar',3,2),(14998,46256,2014,'Scion tC','2021-01-28 00:00:00','truecar',3,2),(10999,89755,2011,'Scion tC','2021-01-28 00:00:00','truecar',3,2),(14995,44887,2014,'Scion tC','2021-01-28 00:00:00','truecar',3,2),(6350,137111,2008,'Scion tC','2021-01-28 00:00:00','truecar',3,2),(9994,95547,2012,'Scion tC','2021-01-28 00:00:00','truecar',3,2),(7500,95225,2008,'Scion tC','2021-01-28 00:00:00','truecar',3,2),(15995,44520,2015,'Scion tC','2021-01-28 00:00:00','truecar',3,2),(4900,147684,2009,'Scion tC','2021-02-17 00:00:00','autotrader',1,2),(6073,112050,2007,'Scion tC','2021-02-17 00:00:00','autotrader',1,2),(11950,22144,2012,'Scion tC','2021-02-17 00:00:00','autotrader',1,2),(13995,70503,2016,'Scion tC','2021-02-17 00:00:00','autotrader',1,2),(6888,131390,2012,'Scion tC','2021-02-17 00:00:00','autotrader',1,2),(10590,65960,2013,'Scion tC','2021-02-17 00:00:00','autotrader',1,2),(9742,122673,2014,'Scion tC','2021-02-17 00:00:00','autotrader',1,2),(11000,84875,2014,'Scion tC','2021-02-17 00:00:00','autotrader',1,2),(4699,185410,2007,'Scion tC','2021-02-17 00:00:00','autotrader',1,2),(10885,87919,2013,'Scion tC','2021-02-17 00:00:00','autotrader',1,2),(12888,71806,2015,'Scion tC','2021-02-17 00:00:00','autotrader',1,2),(4495,129436,2009,'Scion tC','2021-02-17 00:00:00','autotrader',1,2),(15990,27352,2015,'Scion tC','2021-02-17 00:00:00','autotrader',1,2),(9998,111256,2014,'Scion tC','2021-02-17 00:00:00','autotrader',1,2),(13988,47022,2016,'Scion tC','2021-02-17 00:00:00','autotrader',1,2),(12592,68049,2016,'Scion tC','2021-02-17 00:00:00','autotrader',1,2),(12000,70408,2015,'Scion tC','2021-02-17 00:00:00','autotrader',1,2),(6990,137894,2011,'Scion tC','2021-02-17 00:00:00','autotrader',1,2),(15699,44522,2015,'Scion tC','2021-02-17 00:00:00','autotrader',1,2),(4200,155000,2006,'Scion tC','2021-02-17 00:00:00','autotrader',1,2),(13987,54200,2015,'Scion tC','2021-02-17 00:00:00','autotrader',1,2),(11987,116038,2015,'Scion tC','2021-02-17 00:00:00','autotrader',1,2),(12895,61729,2016,'Scion tC','2021-02-17 00:00:00','autotrader',1,2),(6987,130661,2012,'Scion tC','2021-02-17 00:00:00','autotrader',1,2),(12899,46708,2015,'Scion tC','2021-02-17 00:00:00','autotrader',1,2),(15992,49216,2016,'Scion tC','2021-02-17 00:00:00','autotrader',1,2),(10299,77023,2016,'Scion tC','2021-02-17 00:00:00','autotrader',1,2),(13700,44549,2015,'Scion tC','2021-02-17 00:00:00','autotrader',1,2),(4200,202077,2007,'Scion tC','2021-02-17 00:00:00','autotrader',1,2),(9800,88776,2013,'Scion tC','2021-02-17 00:00:00','autotrader',1,2),(10299,76909,2016,'Scion tC','2021-02-17 00:00:00','autotrader',1,2),(10997,60576,2014,'Scion tC','2021-02-17 00:00:00','autotrader',1,2),(4490,191322,2007,'Scion tC','2021-02-17 00:00:00','autotrader',1,2),(8988,188334,2011,'Scion tC','2021-02-17 00:00:00','autotrader',1,2),(6999,119093,2012,'Scion tC','2021-02-17 00:00:00','autotrader',1,2),(10999,55969,2015,'Scion tC','2021-02-17 00:00:00','autotrader',1,2),(9888,106613,2013,'Scion tC','2021-02-17 00:00:00','autotrader',1,2),(5988,98000,2008,'Scion tC','2021-02-17 00:00:00','autotrader',1,2),(10358,84405,2014,'Scion tC','2021-02-17 00:00:00','autotrader',1,2),(6988,146249,2013,'Scion tC','2021-02-17 00:00:00','autotrader',1,2),(7500,38500,2008,'Scion tC','2021-02-17 00:00:00','autotrader',1,2),(5495,163494,2010,'Scion tC','2021-02-17 00:00:00','autotrader',1,2),(6073,112050,2007,'Scion tC Base','2021-02-17 00:00:00','cars',2,2),(4900,147684,2009,'Scion tC','2021-02-17 00:00:00','cars',2,2),(11950,22144,2012,'Scion tC','2021-02-17 00:00:00','cars',2,2),(9800,88776,2013,'Scion tC Base','2021-02-17 00:00:00','cars',2,2),(12895,61729,2016,'Scion tC Base','2021-02-17 00:00:00','cars',2,2),(13995,70503,2016,'Scion tC','2021-02-17 00:00:00','cars',2,2),(12990,74690,2015,'Scion tC Release Series 9.0','2021-02-17 00:00:00','cars',2,2),(9742,122673,2014,'Scion tC Base','2021-02-17 00:00:00','cars',2,2),(6888,131390,2012,'Scion tC Base','2021-02-17 00:00:00','cars',2,2),(7495,72611,2008,'Scion tC','2021-02-17 00:00:00','cars',2,2),(10998,94680,2013,'Scion tC','2021-02-17 00:00:00','cars',2,2),(14795,44984,2016,'Scion tC Base','2021-02-17 00:00:00','cars',2,2),(12590,91683,2013,'Scion tC','2021-02-17 00:00:00','cars',2,2),(4490,191322,2007,'Scion tC Base','2021-02-17 00:00:00','cars',2,2),(11000,84875,2014,'Scion tC Base','2021-02-17 00:00:00','cars',2,2),(6995,148853,2011,'Scion tC Base','2021-02-17 00:00:00','cars',2,2),(6990,137894,2011,'Scion tC Base','2021-02-17 00:00:00','cars',2,2),(13700,44549,2015,'Scion tC','2021-02-17 00:00:00','cars',2,2),(9998,114981,2011,'Scion tC Base','2021-02-17 00:00:00','cars',2,2),(16998,29868,2016,'Scion tC Base','2021-02-17 00:00:00','cars',2,2),(11987,116038,2015,'Scion tC Base','2021-02-17 00:00:00','cars',2,2),(5988,98000,2008,'Scion tC','2021-02-17 00:00:00','cars',2,2),(9998,111256,2014,'Scion tC Anniversary Edition','2021-02-17 00:00:00','cars',2,2),(7495,86814,2007,'Scion tC Base','2021-02-17 00:00:00','cars',2,2),(12988,78472,2013,'Scion tC','2021-02-17 00:00:00','cars',2,2),(14998,65065,2016,'Scion tC Base','2021-02-17 00:00:00','cars',2,2),(8988,188334,2011,'Scion tC Base','2021-02-17 00:00:00','cars',2,2),(10995,114000,2015,'Scion tC','2021-02-17 00:00:00','cars',2,2),(7500,38500,2008,'Scion tC','2021-02-17 00:00:00','cars',2,2),(12899,46708,2015,'Scion tC','2021-02-17 00:00:00','cars',2,2),(10997,60576,2014,'Scion tC','2021-02-17 00:00:00','cars',2,2),(10999,55969,2015,'Scion tC','2021-02-17 00:00:00','cars',2,2),(13988,47022,2016,'Scion tC Base','2021-02-17 00:00:00','cars',2,2),(13987,54200,2015,'Scion tC','2021-02-17 00:00:00','cars',2,2),(15699,44522,2015,'Scion tC','2021-02-17 00:00:00','cars',2,2),(9888,106613,2013,'Scion tC Base','2021-02-17 00:00:00','cars',2,2),(12000,70408,2015,'Scion tC','2021-02-17 00:00:00','cars',2,2),(10299,77023,2016,'Scion tC','2021-02-17 00:00:00','truecar',3,2),(10299,76909,2016,'Scion tC','2021-02-17 00:00:00','truecar',3,2),(5200,147684,2009,'Scion tC','2021-02-17 00:00:00','truecar',3,2),(10999,55969,2015,'Scion tC','2021-02-17 00:00:00','truecar',3,2),(7150,121044,2012,'Scion tC','2021-02-17 00:00:00','truecar',3,2),(6988,146249,2013,'Scion tC','2021-02-17 00:00:00','truecar',3,2),(4699,185406,2007,'Scion tC','2021-02-17 00:00:00','truecar',3,2),(6888,131390,2012,'Scion tC','2021-02-17 00:00:00','truecar',3,2),(6995,107499,2011,'Scion tC','2021-02-17 00:00:00','truecar',3,2),(8500,100600,2012,'Scion tC','2021-02-17 00:00:00','truecar',3,2),(12592,68049,2016,'Scion tC','2021-02-17 00:00:00','truecar',3,2),(13700,44549,2015,'Scion tC','2021-02-17 00:00:00','truecar',3,2),(6990,137894,2011,'Scion tC','2021-02-17 00:00:00','truecar',3,2),(13995,70503,2016,'Scion tC','2021-02-17 00:00:00','truecar',3,2),(12491,83289,2016,'Scion tC','2021-02-17 00:00:00','truecar',3,2),(6995,148853,2011,'Scion tC','2021-02-17 00:00:00','truecar',3,2),(13988,47022,2016,'Scion tC','2021-02-17 00:00:00','truecar',3,2),(5495,145000,2007,'Scion tC','2021-02-17 00:00:00','truecar',3,2),(8990,94299,2010,'Scion tC','2021-02-17 00:00:00','truecar',3,2),(12899,46708,2015,'Scion tC','2021-02-17 00:00:00','truecar',3,2),(11000,84875,2014,'Scion tC','2021-02-17 00:00:00','truecar',3,2),(13590,65621,2015,'Scion tC','2021-02-17 00:00:00','truecar',3,2),(9742,122673,2014,'Scion tC','2021-02-17 00:00:00','truecar',3,2),(7495,72611,2008,'Scion tC','2021-02-17 00:00:00','truecar',3,2),(12990,68973,2014,'Scion tC','2021-02-17 00:00:00','truecar',3,2),(12000,70408,2015,'Scion tC','2021-02-17 00:00:00','truecar',3,2),(14990,40598,2014,'Scion tC','2021-02-17 00:00:00','truecar',3,2),(15990,17418,2013,'Scion tC','2021-02-17 00:00:00','truecar',3,2),(12590,91683,2013,'Scion tC','2021-02-17 00:00:00','truecar',3,2),(5100,171936,2008,'Scion tC','2021-02-17 00:00:00','truecar',3,2),(13987,54200,2015,'Scion tC','2021-02-17 00:00:00','truecar',3,2),(13995,63600,2015,'Scion tC','2021-02-17 00:00:00','truecar',3,2),(7500,38500,2008,'Scion tC','2021-02-17 00:00:00','truecar',3,2),(15699,44522,2015,'Scion tC','2021-02-17 00:00:00','truecar',3,2),(4995,197224,2008,'Scion tC','2021-02-17 00:00:00','truecar',3,2),(12988,78472,2013,'Scion tC','2021-02-17 00:00:00','truecar',3,2),(9995,118900,2012,'Scion tC','2021-02-17 00:00:00','truecar',3,2),(8999,96035,2010,'Scion tC','2021-02-17 00:00:00','truecar',3,2),(6400,123664,2006,'Toyota Avalon XL','2021-01-28 00:00:00','autotrader',1,3),(5992,214935,2007,'Toyota Avalon Touring','2021-01-28 00:00:00','autotrader',1,3),(6500,139994,2006,'Toyota Avalon XL','2021-01-28 00:00:00','autotrader',1,3),(5995,142968,2006,'Toyota Avalon XLS','2021-01-28 00:00:00','autotrader',1,3),(7995,129024,2008,'Toyota Avalon Limited','2021-01-28 00:00:00','autotrader',1,3),(8999,132125,2012,'Toyota Avalon','2021-01-28 00:00:00','autotrader',1,3),(5996,156010,2006,'Toyota Avalon','2021-01-28 00:00:00','autotrader',1,3),(7952,153392,2009,'Toyota Avalon Limited','2021-01-28 00:00:00','autotrader',1,3),(9795,124144,2011,'Toyota Avalon','2021-01-28 00:00:00','autotrader',1,3),(10500,76542,2008,'Toyota Avalon','2021-01-28 00:00:00','autotrader',1,3),(11755,117550,2012,'Toyota Avalon Limited','2021-01-28 00:00:00','autotrader',1,3),(14350,83473,2012,'Toyota Avalon','2021-01-28 00:00:00','autotrader',1,3),(11998,125375,2011,'Toyota Avalon Limited','2021-01-28 00:00:00','autotrader',1,3),(6595,291465,2006,'Toyota Avalon XLS','2021-01-28 00:00:00','autotrader',1,3),(5922,270418,2006,'Toyota Avalon','2021-01-28 00:00:00','autotrader',1,3),(7995,103042,2007,'Toyota Avalon Limited','2021-01-28 00:00:00','autotrader',1,3),(6990,117290,2006,'Toyota Avalon','2021-01-28 00:00:00','autotrader',1,3),(8490,119868,2010,'Toyota Avalon Limited','2021-01-28 00:00:00','autotrader',1,3),(9936,103975,2009,'Toyota Avalon Limited','2021-01-28 00:00:00','autotrader',1,3),(8950,147000,2012,'Toyota Avalon','2021-01-28 00:00:00','autotrader',1,3),(7950,96545,2012,'Toyota Avalon XLE Touring','2021-01-28 00:00:00','autotrader',1,3),(8888,95572,2007,'Toyota Avalon XLS','2021-01-28 00:00:00','autotrader',1,3),(4500,239387,2006,'Toyota Avalon XL','2021-01-28 00:00:00','autotrader',1,3),(8995,122510,2010,'Toyota Avalon Limited','2021-01-28 00:00:00','autotrader',1,3),(4999,113432,2007,'Toyota Avalon','2021-01-28 00:00:00','autotrader',1,3),(4691,186879,2005,'Toyota Avalon Limited','2021-01-28 00:00:00','autotrader',1,3),(7995,74228,2005,'Toyota Avalon Limited','2021-01-28 00:00:00','autotrader',1,3),(11995,124512,2012,'Toyota Avalon Limited','2021-01-28 00:00:00','autotrader',1,3),(5940,156832,2006,'Toyota Avalon Touring','2021-01-28 00:00:00','autotrader',1,3),(7900,108751,2005,'Toyota Avalon XLS','2021-01-28 00:00:00','autotrader',1,3),(10995,39320,2008,'Toyota Avalon XL','2021-01-28 00:00:00','autotrader',1,3),(8495,101266,2007,'Toyota Avalon XLS','2021-01-28 00:00:00','autotrader',1,3),(6988,134000,2007,'Toyota Avalon Touring','2021-01-28 00:00:00','autotrader',1,3),(8982,94639,2009,'Toyota Avalon Limited','2021-01-28 00:00:00','autotrader',1,3),(10491,139836,2011,'Toyota Avalon','2021-01-28 00:00:00','autotrader',1,3),(5759,156607,2006,'Toyota Avalon Limited','2021-01-28 00:00:00','autotrader',1,3),(6995,95000,2006,'Toyota Avalon XLS','2021-01-28 00:00:00','autotrader',1,3),(6761,129776,2007,'Toyota Avalon XLS','2021-01-28 00:00:00','autotrader',1,3),(9997,137260,2006,'Toyota Avalon XL','2021-01-28 00:00:00','autotrader',1,3),(5595,242450,2006,'Toyota Avalon XL','2021-01-28 00:00:00','autotrader',1,3),(14998,51101,2012,'Toyota Avalon Limited','2021-01-28 00:00:00','autotrader',1,3),(7999,154996,2008,'Toyota Avalon Limited','2021-01-28 00:00:00','autotrader',1,3),(8988,69297,2006,'Toyota Avalon XL','2021-01-28 00:00:00','autotrader',1,3),(7495,97927,2006,'Toyota Avalon Touring','2021-01-28 00:00:00','autotrader',1,3),(6995,181779,2008,'Toyota Avalon','2021-01-28 00:00:00','autotrader',1,3),(11995,141500,2012,'Toyota Avalon Limited','2021-01-28 00:00:00','autotrader',1,3),(7495,117945,2007,'Toyota Avalon Touring','2021-01-28 00:00:00','autotrader',1,3),(10995,73628,2005,'Toyota Avalon XL','2021-01-28 00:00:00','autotrader',1,3),(8500,112048,2005,'Toyota Avalon Limited','2021-01-28 00:00:00','autotrader',1,3),(5995,142968,2006,'Toyota Avalon XLS','2021-01-28 00:00:00','cars',2,3),(7952,153392,2009,'Toyota Avalon Limited','2021-01-28 00:00:00','cars',2,3),(5922,270418,2006,'Toyota Avalon','2021-01-28 00:00:00','cars',2,3),(4691,186879,2005,'Toyota Avalon Limited','2021-01-28 00:00:00','cars',2,3),(6595,291465,2006,'Toyota Avalon XLS','2021-01-28 00:00:00','cars',2,3),(6999,164917,2011,'Toyota Avalon','2021-01-28 00:00:00','cars',2,3),(7695,79967,2006,'Toyota Avalon Limited','2021-01-28 00:00:00','cars',2,3),(6988,134000,2007,'Toyota Avalon Touring','2021-01-28 00:00:00','cars',2,3),(10298,60524,2009,'Toyota Avalon XLS','2021-01-28 00:00:00','cars',2,3),(14990,85458,2012,'Toyota Avalon Limited','2021-01-28 00:00:00','cars',2,3),(9795,124144,2011,'Toyota Avalon','2021-01-28 00:00:00','cars',2,3),(9995,117000,2008,'Toyota Avalon XL','2021-01-28 00:00:00','cars',2,3),(6400,123664,2006,'Toyota Avalon XL','2021-01-28 00:00:00','cars',2,3),(11087,110861,2012,'Toyota Avalon Limited','2021-01-28 00:00:00','cars',2,3),(11995,141500,2012,'Toyota Avalon Limited','2021-01-28 00:00:00','cars',2,3),(11250,118343,2011,'Toyota Avalon Limited','2021-01-28 00:00:00','cars',2,3),(9936,103975,2009,'Toyota Avalon Limited','2021-01-28 00:00:00','cars',2,3),(7995,129024,2008,'Toyota Avalon Limited','2021-01-28 00:00:00','cars',2,3),(6900,127000,2006,'Toyota Avalon Limited','2021-01-28 00:00:00','cars',2,3),(11995,124512,2012,'Toyota Avalon Limited','2021-01-28 00:00:00','cars',2,3),(6866,147315,2006,'Toyota Avalon Limited','2021-01-28 00:00:00','cars',2,3),(7988,191987,2011,'Toyota Avalon Limited','2021-01-28 00:00:00','cars',2,3),(14350,83473,2012,'Toyota Avalon','2021-01-28 00:00:00','cars',2,3),(9239,123084,2011,'Toyota Avalon Limited','2021-01-28 00:00:00','cars',2,3),(8495,131110,2005,'Toyota Avalon Limited','2021-01-28 00:00:00','cars',2,3),(8495,101266,2007,'Toyota Avalon XLS','2021-01-28 00:00:00','cars',2,3),(6995,114535,2007,'Toyota Avalon XLS','2021-01-28 00:00:00','cars',2,3),(6995,127872,2007,'Toyota Avalon Touring','2021-01-28 00:00:00','cars',2,3),(9997,137260,2006,'Toyota Avalon XL','2021-01-28 00:00:00','cars',2,3),(11999,92092,2011,'Toyota Avalon Base','2021-01-28 00:00:00','cars',2,3),(5759,156607,2006,'Toyota Avalon Limited','2021-01-28 00:00:00','cars',2,3),(11995,97308,2008,'Toyota Avalon Limited','2021-01-28 00:00:00','cars',2,3),(8982,94639,2009,'Toyota Avalon Limited','2021-01-28 00:00:00','cars',2,3),(7999,154996,2008,'Toyota Avalon Limited','2021-01-28 00:00:00','cars',2,3),(7995,103042,2007,'Toyota Avalon Limited','2021-01-28 00:00:00','cars',2,3),(8888,95572,2007,'Toyota Avalon XLS','2021-01-28 00:00:00','cars',2,3),(4999,113555,2007,'Toyota Avalon','2021-01-28 00:00:00','truecar',3,3),(5759,156607,2006,'Toyota Avalon','2021-01-28 00:00:00','truecar',3,3),(6995,114535,2007,'Toyota Avalon','2021-01-28 00:00:00','truecar',3,3),(8999,132125,2012,'Toyota Avalon','2021-01-28 00:00:00','truecar',3,3),(7995,103042,2007,'Toyota Avalon','2021-01-28 00:00:00','truecar',3,3),(8995,122510,2010,'Toyota Avalon','2021-01-28 00:00:00','truecar',3,3),(6595,291465,2006,'Toyota Avalon','2021-01-28 00:00:00','truecar',3,3),(6995,181779,2008,'Toyota Avalon','2021-01-28 00:00:00','truecar',3,3),(5950,128046,2007,'Toyota Avalon','2021-01-28 00:00:00','truecar',3,3),(9795,124144,2011,'Toyota Avalon','2021-01-28 00:00:00','truecar',3,3),(9239,123084,2011,'Toyota Avalon','2021-01-28 00:00:00','truecar',3,3),(10298,60524,2009,'Toyota Avalon','2021-01-28 00:00:00','truecar',3,3),(6999,146293,2008,'Toyota Avalon','2021-01-28 00:00:00','truecar',3,3),(6761,129776,2007,'Toyota Avalon','2021-01-28 00:00:00','truecar',3,3),(5995,142968,2006,'Toyota Avalon','2021-01-28 00:00:00','truecar',3,3),(6866,147315,2006,'Toyota Avalon','2021-01-28 00:00:00','truecar',3,3),(6400,123664,2006,'Toyota Avalon','2021-01-28 00:00:00','truecar',3,3),(8495,101266,2007,'Toyota Avalon','2021-01-28 00:00:00','truecar',3,3),(5996,156010,2006,'Toyota Avalon','2021-01-28 00:00:00','truecar',3,3),(6990,117290,2006,'Toyota Avalon','2021-01-28 00:00:00','truecar',3,3),(7495,97927,2006,'Toyota Avalon','2021-01-28 00:00:00','truecar',3,3),(8880,71010,2005,'Toyota Avalon','2021-01-28 00:00:00','truecar',3,3),(7999,154996,2008,'Toyota Avalon','2021-01-28 00:00:00','truecar',3,3),(6500,139994,2006,'Toyota Avalon','2021-01-28 00:00:00','truecar',3,3),(7995,129024,2008,'Toyota Avalon','2021-01-28 00:00:00','truecar',3,3),(8988,69297,2006,'Toyota Avalon','2021-01-28 00:00:00','truecar',3,3),(7900,108751,2005,'Toyota Avalon','2021-01-28 00:00:00','truecar',3,3),(5595,242450,2006,'Toyota Avalon','2021-01-28 00:00:00','truecar',3,3),(11087,110861,2012,'Toyota Avalon','2021-01-28 00:00:00','truecar',3,3),(7988,191987,2011,'Toyota Avalon','2021-01-28 00:00:00','truecar',3,3),(7995,236915,2011,'Toyota Avalon','2021-01-28 00:00:00','truecar',3,3),(10500,76542,2008,'Toyota Avalon','2021-01-28 00:00:00','truecar',3,3),(14350,83473,2012,'Toyota Avalon','2021-01-28 00:00:00','truecar',3,3),(11995,97308,2008,'Toyota Avalon','2021-01-28 00:00:00','truecar',3,3),(11498,120034,2011,'Toyota Avalon','2021-01-28 00:00:00','truecar',3,3),(8888,95572,2007,'Toyota Avalon','2021-01-28 00:00:00','truecar',3,3),(7595,100448,2005,'Toyota Avalon','2021-01-28 00:00:00','truecar',3,3),(5922,270418,2006,'Toyota Avalon','2021-01-28 00:00:00','truecar',3,3),(9999,82100,2007,'Toyota Avalon','2021-01-28 00:00:00','truecar',3,3),(7495,117945,2007,'Toyota Avalon','2021-01-28 00:00:00','truecar',3,3),(10888,119586,2012,'Toyota Avalon','2021-01-28 00:00:00','truecar',3,3),(8495,131110,2005,'Toyota Avalon','2021-01-28 00:00:00','truecar',3,3),(9995,117000,2008,'Toyota Avalon','2021-01-28 00:00:00','truecar',3,3),(11999,116191,2012,'Toyota Avalon','2021-01-28 00:00:00','truecar',3,3),(10995,73628,2005,'Toyota Avalon','2021-01-28 00:00:00','truecar',3,3),(13990,64708,2011,'Toyota Avalon Limited','2021-02-17 00:00:00','autotrader',1,3),(7486,136643,2007,'Toyota Avalon XLS','2021-02-17 00:00:00','autotrader',1,3),(5402,214936,2007,'Toyota Avalon Touring','2021-02-17 00:00:00','autotrader',1,3),(14358,65995,2012,'Toyota Avalon Limited','2021-02-17 00:00:00','autotrader',1,3),(6352,133699,2006,'Toyota Avalon Limited','2021-02-17 00:00:00','autotrader',1,3),(7998,159998,2006,'Toyota Avalon Touring','2021-02-17 00:00:00','autotrader',1,3),(6296,157671,2006,'Toyota Avalon XL','2021-02-17 00:00:00','autotrader',1,3),(9800,74400,2009,'Toyota Avalon Limited','2021-02-17 00:00:00','autotrader',1,3),(12000,94715,2012,'Toyota Avalon','2021-02-17 00:00:00','autotrader',1,3),(13500,81320,2012,'Toyota Avalon','2021-02-17 00:00:00','autotrader',1,3),(3200,241003,2005,'Toyota Avalon','2021-02-17 00:00:00','autotrader',1,3),(6599,117734,2006,'Toyota Avalon XLS','2021-02-17 00:00:00','autotrader',1,3),(6999,169744,2007,'Toyota Avalon XLS','2021-02-17 00:00:00','autotrader',1,3),(6866,147315,2006,'Toyota Avalon Limited','2021-02-17 00:00:00','autotrader',1,3),(6995,131708,2006,'Toyota Avalon Touring','2021-02-17 00:00:00','autotrader',1,3),(9739,123084,2011,'Toyota Avalon Limited','2021-02-17 00:00:00','autotrader',1,3),(11087,110861,2012,'Toyota Avalon Limited','2021-02-17 00:00:00','autotrader',1,3),(7495,133957,2006,'Toyota Avalon Limited','2021-02-17 00:00:00','autotrader',1,3),(8579,95500,2009,'Toyota Avalon Limited','2021-02-17 00:00:00','autotrader',1,3),(11795,114593,2012,'Toyota Avalon Limited','2021-02-17 00:00:00','autotrader',1,3),(7995,103852,2006,'Toyota Avalon XLS','2021-02-17 00:00:00','autotrader',1,3),(10481,97041,2008,'Toyota Avalon Limited','2021-02-17 00:00:00','autotrader',1,3),(7500,113576,2007,'Toyota Avalon XL','2021-02-17 00:00:00','autotrader',1,3),(6988,131000,2007,'Toyota Avalon Touring','2021-02-17 00:00:00','autotrader',1,3),(9995,108730,2007,'Toyota Avalon Limited','2021-02-17 00:00:00','autotrader',1,3),(9998,135000,2012,'Toyota Avalon Limited','2021-02-17 00:00:00','autotrader',1,3),(11795,114593,2012,'Toyota Avalon','2021-02-17 00:00:00','cars',2,3),(6988,131000,2007,'Toyota Avalon Touring','2021-02-17 00:00:00','cars',2,3),(6352,133699,2006,'Toyota Avalon Limited','2021-02-17 00:00:00','cars',2,3),(14358,65995,2012,'Toyota Avalon Limited','2021-02-17 00:00:00','cars',2,3),(7995,103852,2006,'Toyota Avalon XLS','2021-02-17 00:00:00','cars',2,3),(13990,64708,2011,'Toyota Avalon Limited','2021-02-17 00:00:00','cars',2,3),(14599,83205,2012,'Toyota Avalon Limited','2021-02-17 00:00:00','cars',2,3),(8579,95500,2009,'Toyota Avalon Limited','2021-02-17 00:00:00','cars',2,3),(6995,131708,2006,'Toyota Avalon Touring','2021-02-17 00:00:00','cars',2,3),(9998,135000,2012,'Toyota Avalon Limited','2021-02-17 00:00:00','cars',2,3),(7998,159998,2006,'Toyota Avalon Touring','2021-02-17 00:00:00','cars',2,3),(9995,108730,2007,'Toyota Avalon Limited','2021-02-17 00:00:00','cars',2,3),(7990,89890,2008,'Toyota Avalon XLS','2021-02-17 00:00:00','cars',2,3),(14990,48146,2011,'Toyota Avalon Limited','2021-02-17 00:00:00','cars',2,3),(15590,32236,2011,'Toyota Avalon Limited','2021-02-17 00:00:00','cars',2,3),(11995,97385,2008,'Toyota Avalon Limited','2021-02-17 00:00:00','cars',2,3),(6999,169744,2007,'Toyota Avalon XLS','2021-02-17 00:00:00','cars',2,3),(6599,117734,2006,'Toyota Avalon XLS','2021-02-17 00:00:00','cars',2,3),(6296,157671,2006,'Toyota Avalon XL','2021-02-17 00:00:00','cars',2,3),(8999,137119,2009,'Toyota Avalon XLS','2021-02-17 00:00:00','cars',2,3),(6512,141108,2008,'Toyota Avalon XLS','2021-02-17 00:00:00','cars',2,3),(8998,159998,2006,'Toyota Avalon','2021-02-17 00:00:00','truecar',3,3),(11999,59726,2012,'Toyota Avalon','2021-02-17 00:00:00','truecar',3,3),(7990,89890,2008,'Toyota Avalon','2021-02-17 00:00:00','truecar',3,3),(6995,131708,2006,'Toyota Avalon','2021-02-17 00:00:00','truecar',3,3),(6599,117734,2006,'Toyota Avalon','2021-02-17 00:00:00','truecar',3,3),(14358,65995,2012,'Toyota Avalon','2021-02-17 00:00:00','truecar',3,3),(8579,95500,2009,'Toyota Avalon','2021-02-17 00:00:00','truecar',3,3),(6512,141108,2008,'Toyota Avalon','2021-02-17 00:00:00','truecar',3,3),(9998,135000,2012,'Toyota Avalon','2021-02-17 00:00:00','truecar',3,3),(13990,86873,2011,'Toyota Avalon','2021-02-17 00:00:00','truecar',3,3),(8999,97898,2007,'Toyota Avalon','2021-02-17 00:00:00','truecar',3,3),(14990,48146,2011,'Toyota Avalon','2021-02-17 00:00:00','truecar',3,3),(7995,103852,2006,'Toyota Avalon','2021-02-17 00:00:00','truecar',3,3),(9995,92237,2007,'Toyota Avalon','2021-02-17 00:00:00','truecar',3,3),(11995,97385,2008,'Toyota Avalon','2021-02-17 00:00:00','truecar',3,3),(7595,100900,2005,'Toyota Avalon','2021-02-17 00:00:00','truecar',3,3),(12800,28110,2008,'Toyota Avalon','2021-02-17 00:00:00','truecar',3,3),(10876,82200,2012,'Toyota Avalon','2020-12-17 00:00:00','cars',2,3),(11995,68000,2011,'Toyota Avalon','2020-12-17 00:00:00','cars',2,3),(14590,70105,2011,'Toyota Avalon Limited','2020-12-17 00:00:00','cars',2,3),(12673,57848,2011,'Toyota Avalon Base','2020-12-17 00:00:00','cars',2,3),(13990,23044,2005,'Toyota Avalon Limited','2020-12-17 00:00:00','cars',2,3),(11499,53844,2009,'Toyota Avalon XL','2020-12-17 00:00:00','cars',2,3),(14193,43485,2012,'Toyota Avalon','2020-12-17 00:00:00','cars',2,3),(10782,111405,2011,'Toyota Avalon Limited','2020-12-17 00:00:00','cars',2,3),(9595,95078,2009,'Toyota Avalon XLS','2020-12-17 00:00:00','cars',2,3),(14995,86028,2012,'Toyota Avalon Limited','2020-12-17 00:00:00','cars',2,3),(7991,116737,2006,'Toyota Avalon Limited','2020-12-17 00:00:00','cars',2,3),(13595,72546,2012,'Toyota Avalon Limited','2020-12-17 00:00:00','cars',2,3),(9990,99116,2009,'Toyota Avalon Limited','2020-12-17 00:00:00','cars',2,3),(8995,105627,2006,'Toyota Avalon Limited','2020-12-17 00:00:00','cars',2,3),(6959,133956,2006,'Toyota Avalon Limited','2020-12-17 00:00:00','cars',2,3),(12599,109254,2012,'Toyota Avalon Limited','2020-12-17 00:00:00','cars',2,3),(14995,55000,2011,'Toyota Avalon','2020-12-17 00:00:00','cars',2,3),(7988,191985,2011,'Toyota Avalon Limited','2020-12-17 00:00:00','cars',2,3),(13998,82646,2011,'Toyota Avalon Limited','2020-12-17 00:00:00','cars',2,3),(7281,110882,2006,'Toyota Avalon XL','2020-12-17 00:00:00','cars',2,3),(3200,200000,2006,'Toyota Avalon XLS','2020-12-17 00:00:00','cars',2,3),(5759,155900,2006,'Toyota Avalon Limited','2020-12-17 00:00:00','cars',2,3),(5985,168168,2006,'Toyota Avalon Limited','2020-12-17 00:00:00','cars',2,3),(7300,139000,2007,'Toyota Avalon XL','2020-12-17 00:00:00','cars',2,3),(13990,91491,2012,'Toyota Avalon','2020-12-17 00:00:00','cars',2,3),(13990,102861,2012,'Toyota Avalon Limited','2020-12-17 00:00:00','cars',2,3),(5999,162204,2007,'Toyota Avalon Limited','2020-12-17 00:00:00','cars',2,3),(8976,126917,2008,'Toyota Avalon Limited','2020-12-17 00:00:00','cars',2,3),(9488,112409,2008,'Toyota Avalon XL','2020-12-17 00:00:00','cars',2,3),(5759,155900,2006,'Toyota Avalon','2020-12-17 00:00:00','truecar',3,3),(13990,91491,2012,'Toyota Avalon','2020-12-17 00:00:00','truecar',3,3),(13990,102861,2012,'Toyota Avalon','2020-12-17 00:00:00','truecar',3,3),(10653,82200,2012,'Toyota Avalon','2020-12-17 00:00:00','truecar',3,3),(7991,116737,2006,'Toyota Avalon','2020-12-17 00:00:00','truecar',3,3),(14193,43485,2012,'Toyota Avalon','2020-12-17 00:00:00','truecar',3,3),(7999,108700,2006,'Toyota Avalon','2020-12-17 00:00:00','truecar',3,3),(7900,119021,2005,'Toyota Avalon','2020-12-17 00:00:00','truecar',3,3),(8795,93818,2006,'Toyota Avalon','2020-12-17 00:00:00','truecar',3,3),(14194,72546,2012,'Toyota Avalon','2020-12-17 00:00:00','truecar',3,3),(10782,111405,2011,'Toyota Avalon','2020-12-17 00:00:00','truecar',3,3),(7988,191985,2011,'Toyota Avalon','2020-12-17 00:00:00','truecar',3,3),(11499,53844,2009,'Toyota Avalon','2020-12-17 00:00:00','truecar',3,3),(7281,110882,2006,'Toyota Avalon','2020-12-17 00:00:00','truecar',3,3),(11400,103558,2011,'Toyota Avalon','2020-12-17 00:00:00','truecar',3,3),(11995,68000,2011,'Toyota Avalon','2020-12-17 00:00:00','truecar',3,3),(7999,118830,2008,'Toyota Avalon','2020-12-17 00:00:00','truecar',3,3),(12673,57848,2011,'Toyota Avalon','2020-12-17 00:00:00','truecar',3,3),(14995,55000,2011,'Toyota Avalon','2020-12-17 00:00:00','truecar',3,3),(11000,65445,2007,'Toyota Avalon','2020-12-17 00:00:00','truecar',3,3),(12599,109254,2012,'Toyota Avalon','2020-12-17 00:00:00','truecar',3,3),(6980,163172,2008,'Toyota Avalon','2020-12-17 00:00:00','truecar',3,3),(4897,167233,2005,'Toyota Avalon','2020-12-17 00:00:00','truecar',3,3),(13990,23044,2005,'Toyota Avalon','2020-12-17 00:00:00','truecar',3,3);
/*!40000 ALTER TABLE `cartotal` ENABLE KEYS */;
UNLOCK TABLES;
/*!40103 SET TIME_ZONE=@OLD_TIME_ZONE */;

/*!40101 SET SQL_MODE=@OLD_SQL_MODE */;
/*!40014 SET FOREIGN_KEY_CHECKS=@OLD_FOREIGN_KEY_CHECKS */;
/*!40014 SET UNIQUE_CHECKS=@OLD_UNIQUE_CHECKS */;
/*!40101 SET CHARACTER_SET_CLIENT=@OLD_CHARACTER_SET_CLIENT */;
/*!40101 SET CHARACTER_SET_RESULTS=@OLD_CHARACTER_SET_RESULTS */;
/*!40101 SET COLLATION_CONNECTION=@OLD_COLLATION_CONNECTION */;
/*!40111 SET SQL_NOTES=@OLD_SQL_NOTES */;

-- Dump completed on 2021-05-12  1:04:23
